Time,,,Temperature (°F),,,Dew Point (°F),,,Humidity (%),,,Wind Speed (mph),,,Pressure (in),,,Precipitation (in)
Month,Date,Year,Max,Avg,Min,Max,Avg,Min,Max,Avg,Min,Max,Avg,Min,Max,Avg,Min,Total
Jan,1,2022,76,70.5,67,65,63.3,61,95,78.9,59,9,6,3,27,27,26.9,0.13
Jan,2,2022,80,71.6,65,65,61.4,58,92,71.6,49,9,5.9,2,27,26.9,26.9,0
Jan,3,2022,80,70.5,63,63,59.5,55,90,70.5,42,6,4.9,3,27,26.9,26.9,0
Jan,4,2022,78,69.5,63,63,57.4,53,89,68.3,41,7,4.8,2,27,26.9,26.9,0
Jan,5,2022,81,71.4,63,62,57.4,51,85,64.6,34,6,3.9,2,27,26.9,26.9,0
Jan,6,2022,81,71.5,65,63,60.1,55,92,69.9,40,7,5.3,3,27,26.9,26.9,0
Jan,7,2022,81,71.8,66,63,61.1,56,90,71.3,46,7,5.6,3,27,26.9,26.9,0
Jan,8,2022,80,71.4,66,64,61.8,58,90,73.8,48,6,4.8,2,27,26.9,26.9,0
Jan,9,2022,81,72.4,66,63,62.4,60,90,72.6,49,5,3,0,26.9,26.9,26.8,0
Jan,10,2022,81,71.4,65,63,61.1,57,92,72.1,51,6,3.1,0,26.9,26.9,26.8,0
Jan,11,2022,83,73,65,66,61.1,56,89,69.1,41,6,3.9,0,26.9,26.9,26.8,0
Jan,12,2022,83,74.1,68,66,61.4,53,95,67.8,38,6,3.8,0,26.9,26.9,26.8,0
Jan,13,2022,81,72.3,65,63,58.5,51,87,64.3,36,7,3.4,0,26.9,26.9,26.8,0
Jan,14,2022,81,72,64,63,58.5,51,84,65.3,37,6,1.6,0,26.9,26.9,26.8,0
Jan,15,2022,83,72.4,65,65,60.3,54,84,67,36,5,1.3,0,26.9,26.9,26.8,0
Jan,16,2022,82,72.5,66,64,61,55,89,69.8,40,7,5,3,27,26.9,26.9,0
Jan,17,2022,81,71.8,65,64,59.5,53,86,68.1,39,7,5.4,3,27,27,26.9,0
Jan,18,2022,79,71.1,63,62,59.3,55,92,68,44,7,4.4,2,27,26.9,26.9,0
Jan,19,2022,81,71.3,63,61,54.3,45,90,59.4,29,5,2,0,27,26.9,26.8,0
Jan,20,2022,84,71.5,60,59,53.5,42,86,58.1,24,6,1.5,0,26.9,26.9,26.8,0
Jan,21,2022,89,73.6,63,62,51.4,33,88,53,16,7,1.9,0,26.9,26.9,26.8,0
Jan,22,2022,86,73.1,65,62,53.8,42,85,56,23,7,3.3,0,26.9,26.8,26.8,0
Jan,23,2022,87,74,63,62,51.4,33,84,51.1,16,7,2,0,26.9,26.8,26.8,0
Jan,24,2022,84,71.9,63,59,50.6,38,83,52,21,5,2,0,26.9,26.8,26.8,0
Jan,25,2022,80,71.6,63,62,55.5,50,85,59.5,35,6,3.4,0,26.9,26.8,26.8,0
Jan,26,2022,82,72.5,65,65,61.3,60,86,68.8,46,3,1.9,0,26.9,26.8,26.8,0
Jan,27,2022,78,71.9,68,65,62.4,60,87,72.9,57,9,6.6,3,26.9,26.9,26.8,0
Jan,28,2022,77,70.6,65,62,60.6,56,86,71.8,48,6,5.4,3,26.9,26.9,26.9,0
Jan,29,2022,80,71.6,64,64,60.5,56,86,69,46,9,6.4,3,27,26.9,26.9,0
Jan,30,2022,85,75.3,67,65,62.8,60,87,67.4,44,5,3,0,26.9,26.9,26.8,0
Jan,31,2022,85,76.4,68,67,62.4,58,90,64.3,39,5,2.1,0,26.9,26.9,26.8,0
Feb,1,2022,86,76.1,68,66,61.3,54,91,63.6,33,5,2.1,0,26.9,26.9,26.8,0
Feb,2,2022,85,74.8,66,63,59.1,52,89,62.4,33,6,2.4,0,26.9,26.9,26.8,0
Feb,3,2022,82,74.5,67,64,61.8,60,85,65.8,46,6,2.9,0,26.9,26.9,26.8,0
Feb,4,2022,87,75.1,66,63,51.8,33,82,50.3,15,9,4.4,0,26.9,26.8,26.8,0
Feb,5,2022,87,75.6,65,65,59.5,50,92,61.5,27,5,2.6,0,26.9,26.8,26.8,0
Feb,6,2022,82,74.3,68,65,61.1,54,89,65.9,38,9,5.3,3,27,26.9,26.9,0
Feb,7,2022,82,73.3,67,64,60.5,54,90,67.1,39,5,3,0,27,26.9,26.9,0
Feb,8,2022,85,73.6,65,62,59.3,52,86,63.9,35,6,3.5,0,26.9,26.9,26.8,0
Feb,9,2022,84,72.5,64,60,57.9,56,85,62.5,40,7,5.5,3,26.9,26.9,26.8,0
Feb,10,2022,86,73.3,63,59,49.8,35,88,50.3,17,9,4.9,3,26.9,26.9,26.8,0
Feb,11,2022,85,73.3,62,61,48.5,39,80,47.6,20,7,5.8,3,26.9,26.9,26.8,0
Feb,12,2022,84,74,64,63,55.4,46,82,55.5,30,9,6.1,3,26.9,23.5,0,0
Feb,13,2022,83,72.9,65,62,57.9,52,89,61.8,37,5,3.6,2,26.9,26.8,26.8,0
Feb,14,2022,83,74,64,63,55.8,47,81,57.3,28,7,4.5,0,26.9,26.8,26.8,0
Feb,15,2022,82,73.6,66,62,58,52,85,61.3,36,9,4.4,2,26.9,26.8,26.8,0
Feb,16,2022,84,73.1,63,62,55,47,90,57.8,31,7,4.5,0,26.9,26.8,26.7,0
Feb,17,2022,86,74.5,66,61,52.1,43,82,50.8,24,9,5.1,3,26.8,26.8,26.7,0
Feb,18,2022,85,73.6,64,61,55.4,45,80,58.1,26,9,6.6,5,26.9,26.8,26.8,0
Feb,19,2022,86,73.8,63,61,55.4,47,90,57.5,28,7,3.4,0,26.9,26.9,26.8,0
Feb,20,2022,90,76.5,64,61,51,33,81,48.1,14,5,2.4,0,26.9,26.9,26.8,0
Feb,21,2022,90,77.6,65,63,54.9,42,82,51.6,19,7,1.8,0,26.9,26.8,26.8,0
Feb,22,2022,88,77.4,69,65,60.1,54,81,57.8,34,7,4,0,26.9,26.9,26.8,0
Feb,23,2022,87,74.9,66,64,56.4,47,89,57.1,28,7,4.8,2,27,26.9,26.9,0
Feb,24,2022,85,72,64,59,55.2,46,85,59.3,26,5,4.2,2,27,26.9,26.9,0
Feb,25,2022,88,75.5,65,60,47,33,83,44.1,14,6,3.8,0,27,26.9,26.9,0
Feb,26,2022,86,75.4,63,63,49.6,33,88,48.9,15,7,4.5,2,27,26.9,26.9,0
Feb,27,2022,86,75.5,66,60,53.6,41,80,51.3,20,7,5.9,5,27,26.9,26.9,0
Feb,28,2022,87,77.1,64,59,48.6,40,65,39.9,19,5,2.9,2,27,26.9,26.9,0
Mar,1,2022,90,77.5,67,62,52.5,41,83,45.3,22,6,2.4,0,27,26.9,26.9,0
Mar,2,2022,87,76.4,64,48,39.6,33,51,29.6,15,6,3.8,2,27,26.9,26.9,0
Mar,3,2022,87,75.3,64,53,45.6,40,61,37.8,19,7,3.3,2,26.9,26.9,26.8,0
Mar,4,2022,89,77,65,59,48,38,72,40.3,19,6,4.4,2,26.9,26.9,26.8,0
Mar,5,2022,87,76.6,67,61,55.5,50,79,51.3,29,5,3,2,26.9,26.9,26.8,0
Mar,6,2022,86,75.1,66,60,57.3,54,71,55.8,33,7,4.1,0,26.9,26.9,26.8,0
Mar,7,2022,80,72.4,66,64,61.1,56,87,68.3,54,9,4.8,0,26.9,26.9,26.8,0
Mar,8,2022,87,76.8,65,62,56.6,52,87,53.1,29,5,2.5,0,26.9,26.9,26.8,0
Mar,9,2022,91,78.8,68,61,52.5,44,78,44.5,21,9,3.9,0,26.9,26.9,26.8,0
Mar,10,2022,91,78.9,68,56,50.8,45,59,40.4,20,9,4.3,0,26.9,26.9,26.8,0
Mar,11,2022,91,79.1,69,54,47.9,38,54,36.1,16,6,3,0,26.9,26.8,26.8,0
Mar,12,2022,91,79.5,68,57,49.9,39,60,38.6,19,9,4.5,2,26.9,26.8,26.8,0
Mar,13,2022,91,79.6,69,65,54.9,47,62,44,22,5,2.8,0,26.9,26.9,26.8,0
Mar,14,2022,91,80.6,69,66,58.8,56,67,48.8,30,6,3.6,2,26.9,26.9,26.8,0
Mar,15,2022,92,79.9,70,62,56.4,47,74,46.4,29,5,1.6,0,26.9,26.8,26.8,0
Mar,16,2022,94,70.5,0,67,59,47,81,47,0,83,11.6,0,26.9,26.8,26.7,0
Mar,17,2022,94,81,71,70,58.5,51,79,48.8,25,3,1.5,0,26.8,26.8,26.7,0
Mar,18,2022,93,81.3,71,70,63.3,52,85,56.5,42,2,1.5,0,26.9,26.8,26.7,0
Mar,19,2022,92,79.6,73,68,63.6,59,82,60.9,33,7,3.5,0,26.8,26.8,26.7,0
Mar,20,2022,88,76.9,71,70,64.8,61,91,67.8,44,3,2.4,0,26.8,26.8,26.7,0
Mar,21,2022,90,76.4,72,71,67.3,65,90,75.4,45,5,1.6,0,28.1,26.9,26.7,0.24
Mar,22,2022,87,78,72,69,67,64,85,70.9,45,3,1.1,0,26.9,26.8,26.7,0.31
Mar,23,2022,90,80.5,72,71,66,61,86,63.1,40,5,2.1,0,26.8,26.8,26.7,0.08
Mar,24,2022,89,80.6,75,69,66.1,63,77,62,44,7,3.3,0,26.9,26.8,26.7,0
Mar,25,2022,87,79.7,73,68,66,63,83,63.9,49,3,0.9,0,26.9,26.8,26.8,0
Mar,26,2022,89,80.8,74,69,67.4,65,80,65.3,47,7,1.9,0,26.9,26.9,26.8,0
Mar,27,2022,93,82.1,74,70,64,58,86,56.8,33,5,1.4,0,26.9,26.9,26.8,0
Mar,28,2022,93,82.6,74,70,64.5,56,77,56.5,31,5,1.4,0,26.9,26.9,26.8,0
Mar,29,2022,94,83.6,75,69,64.8,56,77,55.3,30,5,1.8,0,26.9,26.8,26.8,0
Mar,30,2022,93,82.1,75,69,65.9,61,79,59.5,34,5,2.1,0,26.9,26.8,26.8,0
Mar,31,2022,93,83.6,73,68,64.3,60,85,54.7,34,5,2.7,0,26.9,26.8,26.8,0
Apr,1,2022,91,80.8,74,70,66.8,63,79,64.3,40,3,2.1,2,26.9,26.8,26.8,0
Apr,2,2022,91,81.3,72,68,64.1,56,86,58.4,32,3,1.4,0,26.9,26.9,26.8,0.01
Apr,3,2022,92,71,0,68,61.9,50,83,44.3,0,53,8.9,0,26.9,26.8,26.8,0
Apr,4,2022,93,81.8,73,67,60.8,50,77,52.9,23,5,2.6,0,26.9,26.9,26.8,0
Apr,5,2022,92,81.1,72,68,58.5,46,88,51.8,24,6,3.5,0,27,26.9,26.8,0
Apr,6,2022,95,83,73,65,57.3,38,77,47.4,14,3,1.4,0,27,26.9,26.8,0
Apr,7,2022,95,83.7,73,66,57,41,77,46.6,16,6,3.9,0,26.9,26.9,26.8,0
Apr,8,2022,92,82.6,74,68,63.3,55,82,54.9,30,5,3,1,26.9,26.9,26.8,0
Apr,9,2022,92,82.9,75,71,62.3,53,85,53.5,26,7,2.9,0,26.9,26.8,26.7,0
Apr,10,2022,87,81.3,76,69,62.5,50,78,55.6,28,3,1.9,0,26.9,26.8,26.8,0
Apr,11,2022,94,82.9,73,69,62.1,51,83,54.1,23,6,3.1,0,27.8,26.9,26.7,0
Apr,12,2022,93,83.1,74,70,63.5,55,85,55.1,28,3,1.5,0,26.8,26.8,26.7,0
Apr,13,2022,91,77.5,72,70,67.3,65,85,73.1,42,6,2.8,0,28.1,26.9,26.7,0
Apr,14,2022,87,76,67,69,67.1,65,95,76,53,5,1,0,28,26.9,26.7,0.47
Apr,15,2022,89,77.8,67,67,64.1,62,96,64.8,43,6,2.1,0,26.8,26.8,26.7,1.48
Apr,16,2022,91,79.3,69,68,66.1,63,96,67.4,39,3,1.6,0,26.8,26.8,26.7,0
Apr,17,2022,89,78,68,69,66.4,62,98,69.5,41,5,1.6,0,26.9,26.8,26.7,2.01
Apr,18,2022,85,74.7,69,69,66.6,64,95,77.1,51,7,3.3,1,26.9,26.8,26.8,0.04
Apr,19,2022,89,78.9,68,67,65.5,64,90,65,43,2,0.5,0,26.9,26.9,26.8,1.29
Apr,20,2022,92,82.3,73,70,65.3,59,78,59.1,36,2,0.3,0,26.9,26.8,26.7,0
Apr,21,2022,92,82.5,74,71,65.3,58,76,57.9,31,3,1.6,0,26.8,26.8,26.7,0
Apr,22,2022,91,81.3,74,70,65.1,60,88,60.4,35,3,2.1,0,26.9,26.8,26.8,0
Apr,23,2022,87,80.6,73,68,64.4,59,83,60.3,38,3,1.3,0,26.9,26.8,26.8,0
Apr,24,2022,91,82.1,75,69,62.6,50,82,54.5,26,3,1.3,0,26.9,26.8,26.7,0
Apr,25,2022,93,83.5,74,69,64.4,58,77,54.8,32,3,2.1,0,26.9,26.8,26.7,0
Apr,26,2022,92,84,77,68,64.6,62,71,53.6,37,3,1.3,0,26.9,26.8,26.7,0
Apr,27,2022,94,84.4,75,70,61.8,53,80,49.8,27,5,2.3,0,26.8,26.8,26.7,0
Apr,28,2022,93,83.4,77,71,64.8,58,78,55.4,34,7,2.8,0,26.9,26.8,26.8,0
Apr,29,2022,96,84.6,75,65,60.9,52,71,48,24,3,1.4,0,26.9,26.8,26.7,0
Apr,30,2022,93,83.4,73,69,66,64,77,57.6,39,7,3.3,2,26.9,26.8,26.7,0
May,1,2022,92,76.9,69,71,68.1,65,96,76.5,49,6,2.8,0,26.8,26.8,26.7,0
May,2,2022,89,79.3,69,70,67.5,66,93,68.4,49,6,1.9,0,26.8,26.8,26.7,2.13
May,3,2022,91,79.4,71,70,67.6,65,89,69.6,43,2,1,0,26.8,26.8,26.7,0
May,4,2022,91,78,70,69,67.3,66,91,72.4,43,5,2.1,0,26.9,26.8,26.8,0.35
May,5,2022,83,75.3,70,70,67.3,65,89,76.3,62,6,2.5,0,26.8,26.8,26.8,0.17
May,6,2022,89,76.8,71,69,67.6,66,91,74.4,49,3,1.6,0,26.8,26.8,26.7,0.01
May,7,2022,91,78.9,71,69,66.4,65,93,68.5,42,3,1.4,0,26.8,26.8,26.7,0.2
May,8,2022,90,78.5,72,72,68.3,66,83,71.1,49,3,1.4,0,26.8,26.7,26.6,0.09
May,9,2022,87,77.5,69,72,68,65,91,73.8,52,6,3,2,26.7,26.7,26.6,0.08
May,10,2022,74,72.5,70,73,69.8,68,98,90.9,85,7,5.4,2,26.7,26.7,26.6,0.9
May,11,2022,76,71.9,68,71,67.1,65,98,85.5,76,7,6.1,5,26.7,26.7,26.6,0.2
May,12,2022,73,70.4,67,69,67.6,67,98,91.3,86,6,5.3,3,26.7,26.7,26.7,0.21
May,13,2022,78,73.1,68,70,68.9,67,96,86.4,74,6,3.6,2,26.8,26.7,26.7,0.08
May,14,2022,84,77.3,71,72,70,69,93,79,63,5,2.3,0,26.8,26.7,26.7,0
May,15,2022,83,77.3,70,73,70.3,67,91,79.3,62,5,2.5,0,26.8,26.8,26.7,0.83
May,16,2022,82,75,71,71,70.1,69,96,85.6,69,5,1.7,0,26.8,26.7,26.7,0.01
May,17,2022,80,75.3,71,74,71.7,70,98,89,77,3,0.7,0,26.7,26.7,26.6,0.25
May,18,2022,84,75.8,71,74,71,69,98,86,71,3,2.1,0,26.7,26.7,26.6,4.51
May,19,2022,72,69.3,66,69,66.4,60,96,91.3,82,7,4.9,2,26.8,26.7,26.7,0.03
May,20,2022,77,71.1,65,70,65.8,62,98,83.5,72,12,6.6,3,26.8,26.8,26.8,0.19
May,21,2022,77,73.1,66,66,64.9,62,87,75.9,66,9,5.3,3,26.8,26.8,26.7,0.15
May,22,2022,82,74.8,70,69,67.3,65,89,77.4,63,9,6.4,2,26.8,26.7,26.7,0
May,23,2022,85,77.8,71,70,68.3,65,88,73.5,55,7,4.3,3,26.8,26.7,26.7,0
May,24,2022,86,79.1,72,71,68.6,67,91,71.4,53,6,2.6,0,26.8,26.8,26.8,0
May,25,2022,86,78,73,69,67.8,65,83,71.8,57,5,1.9,0,26.9,26.8,26.8,0
May,26,2022,89,78.4,73,72,68.6,65,90,73.1,50,9,3.1,0,26.9,26.8,26.8,0
May,27,2022,87,78.8,72,68,65.5,62,86,65,46,7,3.9,2,26.9,26.8,26.7,0
May,28,2022,86,78.3,71,68,65.4,62,88,66.5,46,7,4.4,2,26.8,26.8,26.7,0
May,29,2022,86,78.6,71,68,66.3,63,85,67.9,48,7,3.8,2,26.8,26.8,26.7,0
May,30,2022,85,76.6,70,70,67.3,65,88,73.9,55,7,4.3,0,26.8,26.8,26.7,0
May,31,2022,85,76,70,71,67.8,65,88,76.2,57,6,3.8,2,26.8,26.8,26.7,0.27
Jun,1,2022,85,77.4,71,69,67.9,64,91,73.3,59,6,2.6,0,26.8,26.8,26.7,0.13
Jun,2,2022,86,78.4,72,71,68.8,67,86,73.1,57,6,4.8,2,26.8,26.8,26.7,0
Jun,3,2022,88,76.5,69,71,68.5,67,96,78.4,54,5,2.4,0,26.8,26.7,26.7,0
Jun,4,2022,90,77.3,69,69,66.6,63,89,72.1,47,6,2.5,0,26.8,26.7,26.7,1.1
Jun,5,2022,89,77.4,68,69,67.3,65,98,73.9,50,5,2.6,0,26.8,26.7,26.7,0.17
Jun,6,2022,86,76.6,67,69,68,66,96,76.3,54,5,2.4,0,26.8,26.8,26.7,1.26
Jun,7,2022,82,77,71,70,68.5,66,91,75.9,63,7,3.8,2,26.8,26.8,26.7,0.03
Jun,8,2022,86,77.3,72,69,67.5,67,86,73.4,57,7,5.6,5,26.8,26.8,26.7,0
Jun,9,2022,85,77.5,71,69,67,65,89,71.3,57,7,6.3,5,26.8,26.8,26.7,0
Jun,10,2022,85,77.1,71,67,65.5,64,85,68.1,54,9,6.3,3,26.8,26.8,26.7,0
Jun,11,2022,85,77.4,70,69,66.9,65,86,71.3,56,9,6.3,3,26.8,26.8,26.8,0
Jun,12,2022,85,76.9,71,68,66.8,66,89,72.8,53,9,5.9,3,26.8,26.8,26.7,0
Jun,13,2022,84,77.5,70,68,65.9,64,88,68.9,51,6,4.3,0,26.9,26.8,26.8,0
Jun,14,2022,87,76.9,70,69,67.1,65,98,74.1,47,5,4,2,26.8,26.8,26.7,0
Jun,15,2022,80,74.8,69,71,69.3,68,95,83.9,69,6,3.1,0,26.8,26.8,26.7,1.22
Jun,16,2022,86,76.1,70,70,68.4,67,95,79,54,5,2.7,2,26.8,26.8,26.7,0
Jun,17,2022,86,76.3,69,73,69,66,98,80.5,51,5,1.9,0,26.8,26.8,26.7,1.53
Jun,18,2022,79,74.9,71,71,69.8,69,98,84.3,72,5,2.4,0,26.8,26.8,26.7,1.69
Jun,19,2022,83,75.5,71,71,69,68,95,81.3,60,6,3.6,2,26.8,26.8,26.7,0.04
Jun,20,2022,81,75.6,71,69,68.1,67,93,79.7,64,5,4.1,3,26.8,26.8,26.7,0.08
Jun,21,2022,80,73.9,69,69,67.7,66,96,82,63,6,4.9,3,26.8,26.7,26.7,0.59
Jun,22,2022,77,73,70,69,68,67,93,84.6,73,6,5.3,5,26.8,26.8,26.7,0.01
Jun,23,2022,78,73.6,69,69,67.6,67,95,81.9,68,9,5.3,3,26.8,26.8,26.7,0
Jun,24,2022,82,75.5,70,69,65.8,64,95,73.4,54,9,6.5,5,26.8,26.8,26.7,0
Jun,25,2022,77,73.4,69,70,67.3,65,93,82,67,12,8.9,6,26.8,26.7,26.7,0
Jun,26,2022,82,75,70,68,66.1,63,95,75.4,61,13,8,3,26.8,26.7,26.7,0.12
Jun,27,2022,81,74.5,69,68,65.9,64,91,74.9,61,6,4.9,3,26.8,26.8,26.7,0
Jun,28,2022,81,75.1,69,67,66.3,65,93,75,60,7,4.4,3,26.8,26.8,26.7,0
Jun,29,2022,83,74.9,70,71,67.9,65,98,79.8,58,6,4.9,3,26.8,26.7,26.7,0
Jun,30,2022,81,74.6,70,70,68.6,67,95,83.1,61,7,4.7,3,26.8,26.7,26.7,0.23
Jul,1,2022,82,74.6,70,69,67.9,67,93,80.5,62,7,5.4,3,27.6,26.8,26.7,0.14
Jul,2,2022,82,75.4,71,68,67.4,65,93,77.5,60,7,5.1,3,26.7,26.7,26.7,0
Jul,3,2022,80,74.3,71,69,69,69,91,83.4,71,7,5.8,5,26.8,26.7,26.7,0
Jul,4,2022,77,72.6,69,68,66.9,66,98,83,70,9,7,6,26.7,26.7,26.7,0
Jul,5,2022,79,73.3,69,68,67,65,96,82.2,66,9,7,5,26.7,26.7,26.6,0.08
Jul,6,2022,75,71.8,70,69,68.4,68,95,89.3,80,13,7,5,26.8,26.7,26.7,0.01
Jul,7,2022,74,70.5,68,70,68.5,67,98,93.4,83,7,5.5,3,26.8,26.8,26.8,0.04
Jul,8,2022,74,70.6,68,69,67,65,98,88.6,77,9,5.8,3,26.8,26.8,26.7,0.24
Jul,9,2022,77,71,68,70,68,66,98,91.5,69,6,4.9,3,26.7,26.7,26.7,0.28
Jul,10,2022,77,72.4,69,69,67.3,66,96,84.9,71,7,6,3,26.8,26.7,26.7,0.59
Jul,11,2022,77,70.9,68,70,68.4,67,98,91.8,78,6,4.9,3,26.8,26.8,26.8,0.03
Jul,12,2022,81,73.7,68,67,65.7,61,98,78,51,7,6.1,5,26.8,26.8,26.7,0.2
Jul,13,2022,73,62,0,68,66.6,66,96,75.1,0,37,10.4,5,26.8,26.7,26.7,0.04
Jul,14,2022,75,70.4,68,69,66.5,62,95,88.6,64,9,6.9,5,26.8,26.7,26.6,0.08
Jul,15,2022,78,72,68,69,66.8,65,98,84,71,9,6.6,3,26.8,26.7,26.7,0.09
Jul,16,2022,77,71.5,68,69,68,67,98,89.8,72,9,5.8,3,26.8,26.7,26.7,0.02
Jul,17,2022,80,73.8,69,70,68.9,67,95,85.4,65,7,5.1,3,27.7,26.9,26.7,0.2
Jul,18,2022,77,72.8,70,69,68.6,68,95,87,76,7,4.6,3,26.8,26.8,26.8,0.01
Jul,19,2022,83,76.4,69,71,68.5,67,93,77.4,57,5,3,0,26.8,26.8,26.7,0.01
Jul,20,2022,86,76.9,71,72,68.6,66,98,77.1,51,5,3.5,3,26.8,26.8,26.7,0
Jul,21,2022,81,65.4,0,69,68.6,67,98,71.8,0,62,11.6,3,26.8,26.8,26.7,3.25
Jul,22,2022,78,73.6,71,69,68.3,67,91,83,72,5,3.5,3,26.8,26.8,26.7,0
Jul,23,2022,78,73.6,70,69,67.8,66,93,82.9,68,6,4.1,3,26.8,26.8,26.7,0
Jul,24,2022,78,73,68,69,67.3,66,96,82.5,68,7,4.5,3,26.8,26.8,26.7,0.01
Jul,25,2022,81,75.4,69,67,65.9,64,93,73.3,61,6,4.8,3,26.9,26.8,26.7,0.02
Jul,26,2022,81,75.1,72,69,67.3,65,89,77.1,61,5,2.9,0,26.9,26.8,26.8,0
Jul,27,2022,84,75.4,70,72,69.5,65,95,83.3,60,3,1.4,0,26.8,26.8,26.7,0.03
Jul,28,2022,85,77.1,71,71,70.1,69,98,80.4,59,2,0.9,0,26.8,26.8,26.7,0.12
Jul,29,2022,85,78.5,71,71,69.6,67,98,76.5,56,5,2.5,0,26.8,26.8,26.7,0.05
Jul,30,2022,85,77.7,70,69,68.4,67,96,75.1,56,3,1.3,0,26.8,26.8,26.7,0.16
Jul,31,2022,79,74.7,71,74,71.7,70,98,91.3,75,3,1.1,0,26.8,26.7,26.7,1.9
Aug,1,2022,86,75.8,70,73,70.4,69,96,84.4,59,3,1.8,0,26.8,26.7,26.6,0.55
Aug,2,2022,80,72.6,69,73,69.1,67,98,89.6,64,2,0.8,0,26.7,26.7,26.6,1.81
Aug,3,2022,78,72.4,68,70,69.1,68,98,90.5,74,3,1.3,0,26.7,26.7,26.6,2.48
Aug,4,2022,73,71.1,68,71,69.6,68,98,94.4,91,6,2.9,0,26.7,26.7,26.6,0.07
Aug,5,2022,74,70.3,68,71,67.5,66,96,89.8,83,9,6.5,5,26.8,26.7,26.7,0.31
Aug,6,2022,75,71.3,68,69,67.6,66,95,89,79,7,6,5,26.7,26.7,26.6,0.1
Aug,7,2022,74,71.3,69,71,68.8,68,96,91,85,9,6.9,5,26.7,26.7,26.6,0.15
Aug,8,2022,75,71.5,69,70,67.3,65,96,86.6,74,9,5.6,2,26.7,26.7,26.6,0.12
Aug,9,2022,77,71.9,69,67,66.1,65,93,83,70,7,6,3,26.7,26.7,26.6,0.1
Aug,10,2022,80,73.3,68,67,65.3,63,95,77,58,9,7,3,26.7,26.7,26.6,0.09
Aug,11,2022,78,73,68,68,66.1,65,95,79.6,64,9,6.1,3,26.8,26.7,26.7,0
Aug,12,2022,80,73.9,69,68,66,65,96,77.4,60,9,5.6,3,26.8,26.8,26.7,0.07
Aug,13,2022,80,74.1,69,67,65.5,64,91,75.3,62,7,6.1,3,26.8,26.8,26.7,0.01
Aug,14,2022,79,73.5,68,68,66.3,64,89,78.4,66,7,4.9,3,26.8,26.8,26.8,0
Aug,15,2022,82,74.9,70,68,66.6,66,89,76.6,59,6,2.5,0,26.9,26.8,26.8,0
Aug,16,2022,84,76.6,69,69,66.3,63,95,72.4,51,3,1.5,0,26.9,26.8,26.8,0
Aug,17,2022,83,77.1,71,70,67.1,66,95,72.1,56,3,1.9,0,26.9,26.8,26.8,0
Aug,18,2022,77,73.7,72,69,67.3,66,86,80,75,6,3.7,2,26.9,26.8,26.8,0
Aug,19,2022,80,75.3,72,67,66.5,65,85,75.3,60,5,3,2,26.8,26.8,26.8,0
Aug,20,2022,81,73.4,70,68,67,66,88,81.2,63,6,4.4,3,26.9,26.8,26.7,0
Aug,21,2022,79,73.2,71,70,68.7,67,93,86.1,71,7,3.6,0,26.8,26.8,26.7,0
Aug,22,2022,80,72.9,70,70,68.4,66,96,86.3,62,9,4.9,3,26.8,26.8,26.7,0.65
Aug,23,2022,82,75,70,69,68.1,67,95,80,60,6,4.3,3,26.8,26.8,26.7,0.31
Aug,24,2022,81,72.9,69,70,68,67,98,85.4,64,5,3.8,3,26.9,26.8,26.8,0
Aug,25,2022,81,73.9,69,69,68.3,67,96,83.5,66,3,2.1,0,26.8,26.8,26.7,0.75
Aug,26,2022,80,73,69,72,69.6,68,98,89.9,67,3,1.8,0,26.8,26.8,26.7,1.63
Aug,27,2022,80,73.3,68,70,68.1,66,98,84.9,69,3,2.4,0,26.8,26.8,26.7,0.83
Aug,28,2022,82,74.6,68,69,68.1,66,95,81,63,3,2.1,0,26.8,26.8,26.7,0.59
Aug,29,2022,77,72.6,69,73,70.1,69,100,91.9,87,2,0.3,0,26.8,26.8,26.7,0.02
Aug,30,2022,81,75.3,69,71,69.3,68,98,82.1,64,3,1.5,0,26.8,26.8,26.7,3.7
Aug,31,2022,81,74,69,70,69.1,68,98,85.4,69,3,1.3,0,26.8,26.8,26.7,0.12
Sep,1,2022,81,74,70,70,68.6,67,96,85.4,63,2,0.5,0,26.8,26.8,26.7,0.11
Sep,2,2022,80,74.3,70,69,68.5,66,95,82.9,67,2,0.4,0,26.8,26.8,26.8,0.47
Sep,3,2022,84,77.3,72,71,70.3,69,96,80,61,2,0.9,0,26.8,26.8,26.7,0
Sep,4,2022,84,75,69,72,69.6,68,98,85.4,59,6,1.5,0,26.8,26.8,26.7,1.61
Sep,5,2022,85,74.8,68,70,68.9,67,98,83.9,58,2,0.6,0,26.8,26.8,26.7,5.18
Sep,6,2022,83,74,69,71,69.6,69,98,86.8,63,5,1.4,0,26.8,26.8,26.7,1.57
Sep,7,2022,78,72.3,69,70,68.6,67,98,88.9,76,6,4,2,26.8,26.8,26.7,1.53
Sep,8,2022,75,71.6,69,70,68.6,67,96,89.5,77,6,4.4,3,26.8,26.8,26.7,0.16
Sep,9,2022,80,73.6,69,71,68.1,66,95,83.6,67,9,5.6,3,26.8,26.7,26.7,0.03
Sep,10,2022,80,72.9,69,69,68.1,67,95,86,69,9,7.1,5,26.8,26.7,26.7,0
Sep,11,2022,80,73.3,69,69,67.5,67,95,83.1,66,9,6.3,3,26.8,26.7,26.7,0.03
Sep,12,2022,82,73.7,68,67,66,65,93,78.3,58,9,7.6,6,26.8,26.7,26.7,0.03
Sep,13,2022,78,73,68,70,67.9,65,95,84.8,72,9,5.1,2,26.9,26.8,26.8,0
Sep,14,2022,80,73.8,69,71,67.9,67,95,82.1,69,9,4.9,3,26.9,26.9,26.8,0.12
Sep,15,2022,80,74.3,69,68,66.5,64,91,77.4,60,7,4.4,3,26.9,26.9,26.8,0.01
Sep,16,2022,80,74.8,69,71,67.5,66,89,78.8,66,7,3.6,1,26.9,26.8,26.8,0
Sep,17,2022,83,75.9,70,69,67.5,66,95,76.4,56,5,3.1,2,26.9,26.8,26.8,0
Sep,18,2022,84,75.9,69,68,67.1,65,96,75.5,54,5,3.1,2,26.9,26.8,26.8,0
Sep,19,2022,82,75.1,70,67,65.6,64,88,73.6,58,6,4.1,3,26.9,26.8,26.8,0.01
Sep,20,2022,80,73.8,67,66,63.9,60,95,72.6,51,7,4.3,2,26.9,26.8,26.8,0
Sep,21,2022,80,73.5,68,68,66.5,64,95,79.4,57,5,2.9,0,26.9,26.8,26.8,0
Sep,22,2022,83,75.3,68,67,64.3,62,98,69.8,55,6,3.9,2,26.9,26.8,26.8,0
Sep,23,2022,81,75.3,69,65,63.4,62,86,68.8,53,5,3.8,3,26.9,26.8,26.8,0
Sep,24,2022,82,74.4,69,69,65.3,62,95,75.8,51,5,3.1,2,26.9,26.8,26.8,0
Sep,25,2022,83,75.6,68,68,65.9,64,93,73.1,54,5,2.4,0,26.8,26.8,26.7,0.39
Sep,26,2022,79,72.8,71,70,68.6,67,95,87.5,67,3,1.4,0,26.9,26.8,26.8,0
Sep,27,2022,80,75.5,70,69,67,65,91,75.8,62,5,2.6,0,26.9,26.8,26.7,0.51
Sep,28,2022,81,74.6,70,69,67.8,67,95,79.5,62,5,2.8,0,26.8,26.8,26.7,0
Sep,29,2022,79,74.3,70,69,64.6,62,93,73,56,6,2.8,0,26.8,26.8,26.7,0
Sep,30,2022,77,71.7,69,67,66,64,95,83.1,66,6,3.4,2,26.9,26.8,26.7,0.04
Oct,1,2022,75,69.9,66,69,67.1,65,96,91.6,79,5,3,2,26.8,26.8,26.8,0.72
Oct,2,2022,77,72.6,67,69,67.1,64,93,82.5,69,6,4,2,26.8,26.8,26.7,0.12
Oct,3,2022,79,72.5,69,69,67.5,66,93,84.9,66,5,2.8,0,26.8,26.8,26.7,0
Oct,4,2022,79,64.3,0,69,67.5,66,95,72.3,0,74,12.3,2,26.8,26.8,26.7,0.02
Oct,5,2022,81,75.3,69,69,67.7,66,91,77.8,65,3,2.2,0,26.8,26.8,26.7,0
Oct,6,2022,78,74.5,70,67,66.3,66,91,76.3,67,5,3.5,3,26.8,26.7,26.7,0
Oct,7,2022,80,74.6,69,68,65.4,63,86,74,57,5,2.8,0,26.8,26.8,26.7,0
Oct,8,2022,81,74.8,69,68,65.6,64,89,74,56,5,2,0,26.9,26.8,26.8,0
Oct,9,2022,77,73.3,70,71,69.1,67,96,86.4,73,2,1.1,0,26.9,26.8,26.8,0
Oct,10,2022,80,74.4,70,71,69.4,67,98,84.9,63,3,0.9,0,26.9,26.8,26.8,0.08
Oct,11,2022,80,74.8,71,71,69.6,69,98,85.3,71,5,1.8,0,26.9,26.8,26.8,1.11
Oct,12,2022,81,74.9,71,70,69,68,95,81.9,65,6,1.3,0,26.9,26.8,26.8,0
Oct,13,2022,82,75.1,70,72,69.9,68,96,84.4,63,2,0.3,0,26.9,26.8,26.8,0.16
Oct,14,2022,77,72.1,69,71,69.6,69,98,91.8,79,2,0.9,0,26.9,26.8,26.8,2.6
Oct,15,2022,81,73.6,69,71,69.5,68,98,87.6,65,6,2,0,26.8,26.8,26.7,1.81
Oct,16,2022,77,72.6,69,72,70,68,98,92.3,82,2,0.3,0,26.9,26.9,26.8,1.38
Oct,17,2022,79,64.6,0,71,69.1,67,98,75.4,0,39,5.9,0,26.9,26.9,26.8,0.75
Oct,18,2022,81,73.1,69,69,68.6,67,98,87.1,64,3,1.1,0,26.9,26.9,26.8,0.01
Oct,19,2022,84,73.5,68,71,67.9,66,98,72,0,3,0.6,0,26.9,26.9,26.8,0
Oct,20,2022,81,74.3,68,70,68,63,98,82.9,54,3,0.9,0,26.9,26.9,26.8,2.4
Oct,21,2022,80,74.1,69,69,67,66,93,79.8,62,6,1.6,0,27,26.9,26.9,0
Oct,22,2022,80,73.8,68,66,64.8,62,93,74.6,53,3,1.1,0,27,26.9,26.9,0
Oct,23,2022,82,72.3,65,63,59,56,89,64.6,42,6,1.3,0,26.9,26.9,26.8,0
Oct,24,2022,81,70.8,62,58,54,49,79,57.6,34,6,3,0,26.9,26.9,26.8,0
Oct,25,2022,82,71.6,62,59,54,49,85,57.4,31,3,0.6,0,26.9,26.9,26.8,0
Oct,26,2022,83,72.9,62,59,55.3,49,88,57.9,31,2,0.3,0,26.9,26.9,26.9,0
Oct,27,2022,83,73,62,66,57.9,49,95,63,34,5,1.3,0,26.9,26.9,26.9,0
Oct,28,2022,81,72.9,67,67,63.1,59,96,73.5,47,5,2.4,0,26.9,26.9,26.8,0
Oct,29,2022,79,71.8,67,68,66.4,64,98,84.4,62,5,3.4,2,26.9,26.9,26.8,0.01
Oct,30,2022,80,72.6,67,67,65.5,64,98,79.8,58,3,1.6,0,26.9,26.9,26.8,0.42
Oct,31,2022,82,74.4,67,64,60.3,57,89,63.4,42,3,2.7,2,26.9,26.9,26.8,0
Nov,1,2022,76,70.9,67,69,66.1,63,95,85.3,74,3,1.4,0,26.9,26.9,26.8,0
Nov,2,2022,74,69.5,67,69,66.4,65,95,89.9,80,5,3.9,2,26.9,26.9,26.8,0.31
Nov,3,2022,74,70.1,67,68,67.1,66,96,90.3,76,5,2.5,0,26.9,26.9,26.8,0.13
Nov,4,2022,79,72.3,69,69,67.6,66,98,85.8,68,6,3.5,2,26.9,26.9,26.8,0.31
Nov,5,2022,78,72.8,68,68,65.3,63,98,78.8,59,7,3.9,2,27,26.9,26.9,0
Nov,6,2022,80,72,68,68,65.9,63,96,82.6,55,5,3.1,2,27,26.9,26.9,0
Nov,7,2022,82,72.5,67,66,60.4,54,96,68.3,42,3,2.1,0,27,26.9,26.9,0.17
Nov,8,2022,82,73.9,65,65,53,0,92,57.9,0,3,1.8,0,27,26.9,26.9,0
Nov,9,2022,81,72.8,67,65,58.4,51,90,64,40,3,1.8,0,26.9,26.9,26.9,0
Nov,10,2022,80,72.9,65,65,61.6,57,94,70,46,6,3.1,0,26.9,26.9,26.8,0
Nov,11,2022,71,69.1,68,67,64,61,91,83.4,75,5,3.5,1,26.9,26.9,26.8,0
Nov,12,2022,71,69,68,68,67.1,65,98,94,89,6,4.4,3,26.9,26.9,26.8,0.03
Nov,13,2022,73,70.3,68,68,67,66,98,89.8,81,6,3.1,2,26.9,26.9,26.9,0.9
Nov,14,2022,80,72.3,67,66,64.7,63,95,80.1,57,3,2.6,2,27,26.9,26.9,0.01
Nov,15,2022,79,73,68,66,65,63,93,78,62,3,1.6,0,27,26.9,26.9,0.03
Nov,16,2022,82,73.3,67,65,63.8,62,90,73.9,52,6,2.9,0,26.9,26.9,26.8,0
Nov,17,2022,81,70.1,62,64,55.6,50,96,62.5,33,6,2.1,0,26.9,26.9,26.8,0
Nov,18,2022,80,71,61,59,52.7,48,85,55.4,32,5,1.6,0,26.9,26.9,26.8,0
Nov,19,2022,79,69.5,63,59,54,48,88,60.3,33,5,2,0,26.9,26.9,26.8,0
Nov,20,2022,76,67,62,57,55.4,54,86,67.4,48,5,2.4,0,26.9,26.8,26.8,0
Nov,21,2022,80,70.9,59,60,53.8,47,80,57.3,34,6,1.6,0,26.9,26.8,26.8,0
Nov,22,2022,75,70.4,66,68,65.7,61,96,84.9,74,2,1.7,0,26.9,26.8,26.8,0.01
Nov,23,2022,77,71.6,69,69,68,66,96,89.4,69,3,1.4,0,26.9,26.9,26.8,0
Nov,24,2022,73,70.5,69,71,69,68,98,95.5,91,5,1.5,0,26.9,26.9,26.8,0.12
Nov,25,2022,81,72.4,67,67,65.9,65,96,81.1,58,5,2.1,0,26.9,26.9,26.8,0.24
Nov,26,2022,81,73.3,67,68,65.3,63,95,78.1,53,3,1.8,0,26.9,26.9,26.8,0
Nov,27,2022,81,73.9,68,67,65.9,62,96,77.4,52,3,1.5,0,26.9,26.8,26.8,0
Nov,28,2022,81,73.8,69,68,66.1,63,95,78.4,54,3,1.8,0,26.9,26.8,26.8,0
Nov,29,2022,81,72.6,67,68,62.1,59,96,71,52,5,1.8,0,26.9,26.9,26.8,0
Nov,30,2022,80,71.4,64,62,58.6,55,92,66,46,2,1.4,0,26.9,26.9,26.8,0
Dec,1,2022,77,70.5,65,68,65.8,63,94,85.5,67,6,2.4,0,26.9,26.9,26.8,0
Dec,2,2022,81,73,69,68,66.3,64,93,79.6,55,5,2.6,0,26.9,23.5,0,0
Dec,3,2022,80,73.6,68,67,65.3,61,95,76.4,52,6,3.8,2,26.9,26.9,26.8,0
Dec,4,2022,82,73.1,68,67,64,61,91,74.5,48,6,3.6,3,26.9,26.9,26.8,0
Dec,5,2022,80,72.5,67,66,64.5,62,92,77.1,54,5,2.1,0,27,26.9,26.9,0
Dec,6,2022,80,72.1,67,67,63.5,59,96,75.9,54,5,2.3,0,26.9,26.9,26.8,0
Dec,7,2022,81,70.4,65,62,52.9,45,89,57.5,32,5,2.8,0,26.9,26.9,26.8,0
Dec,8,2022,77,70.4,64,55,52.1,49,72,53.1,40,5,3.3,2,26.9,26.8,26.8,0
Dec,9,2022,71,66.1,64,63,56.6,49,96,73.1,55,9,5.3,2,26.8,26.8,26.7,0
Dec,10,2022,67,65.4,64,66,64.1,63,98,94.8,92,9,6.4,3,26.8,26.7,26.7,0.17
Dec,11,2022,69,67.8,66,67,66.5,65,98,95.5,93,7,2.8,0,26.8,26.8,26.7,1.61
Dec,12,2022,73,69.8,67,70,68,66,96,93.6,89,5,3.3,0,26.9,26.8,26.8,0.81
Dec,13,2022,75,69.5,67,68,66.8,66,96,91.3,79,7,4,0,26.9,26.9,26.8,0.36
Dec,14,2022,77,70.3,66,67,65.6,64,95,85.9,71,7,2.6,0,26.9,26.9,26.9,0.13
Dec,15,2022,80,69.4,62,64,54.9,45,96,64.9,30,5,2,0,26.9,26.9,26.8,0
Dec,16,2022,82,70.1,60,59,53.4,39,90,60.3,24,7,2.5,0,26.9,26.9,26.8,0
Dec,17,2022,81,71.6,60,64,59.9,57,94,69,45,7,3.4,0,26.9,26.9,26.8,0
Dec,18,2022,77,71.5,66,65,61.9,56,92,73.9,48,7,4.3,2,26.9,26.9,26.8,0
Dec,19,2022,77,69.1,64,63,57.9,54,89,69.3,45,7,4.9,2,26.9,26.8,26.8,0
Dec,20,2022,77,70.6,63,66,62,58,89,75.9,52,6,3.1,0,26.9,26.8,26.8,0
Dec,21,2022,80,69.9,62,63,55.6,48,90,63.9,38,6,3.4,0,26.9,26.8,26.8,0
Dec,22,2022,80,69.4,60,59,52.3,45,88,59,30,6,3,0,26.9,26.8,26.8,0
Dec,23,2022,82,68.9,59,59,52,37,90,60.3,20,6,2.9,0,26.9,26.8,26.8,0
Dec,24,2022,78,60.9,0,63,50.1,0,90,57.6,0,109,18.7,2,26.9,24.1,7.4,0
Dec,25,2022,74,70.1,65,68,66.3,63,96,87.6,78,6,4.9,2,26.9,26.9,26.8,0
Dec,26,2022,76,71.3,68,67,66.8,65,95,86,72,7,5.4,2,27,26.9,26.9,0.15
Dec,27,2022,73,70.1,68,68,66.4,65,96,88.6,79,7,6,5,27,27,26.9,0.05
Dec,28,2022,81,72.9,67,68,64.8,62,95,77.3,56,7,5,2,27,27,26.9,0
Dec,29,2022,81,72.1,64,67,58.1,51,94,65.5,37,7,3.8,0,27.1,27,27,0
Dec,30,2022,81,71.1,63,65,57.4,51,92,65,38,9,2.3,0,27.1,27,27,0
Dec,31,2022,82,73.1,63,65,55.1,46,92,58.3,32,7,4,0,27.1,27,26.9,0
Jan,1,2023,83,72.5,63,60,56.8,51,86,60.9,35,5,2.6,0,27,27,26.9,0
Jan,2,2023,81,70.5,63,61,55.6,49,92,63.1,36,7,3.8,0,27,26.9,26.7,0
Jan,3,2023,78,69.6,62,63,58.3,52,90,69.9,40,6,3.5,0,27,27,26.9,0
Jan,4,2023,78,69.3,63,62,57.6,53,94,69.4,42,7,4.9,3,27,26.9,26.9,0
Jan,5,2023,75,69.1,63,61,59.1,57,92,71.6,54,6,4.4,2,27,27,26.9,0
Jan,6,2023,78,69.4,62,62,59.3,54,96,72.6,43,9,5.3,2,27.1,27,26.9,0
Jan,7,2023,77,69.9,63,62,59.6,57,90,71.8,51,7,4.3,2,27,27,26.9,0
Jan,8,2023,79,69.3,63,62,57.8,55,92,69,44,6,2.9,0,27,26.9,26.9,0
Jan,9,2023,80,68.3,61,58,48.4,37,90,56.5,22,5,1.8,0,27,27,26.9,0
Jan,10,2023,81,68.3,59,57,50.6,36,94,60.3,20,6,3.4,2,27,27,26.9,0
Jan,11,2023,81,68.9,59,57,48.5,36,86,54.6,20,3,1.9,0,27,26.9,26.9,0
Jan,12,2023,83,70.5,59,56,46.3,29,87,49.9,16,6,2.5,0,26.9,23.5,0,0
Jan,13,2023,83,70.3,60,58,51.9,45,84,57.1,26,5,1.3,0,26.9,26.9,26.9,0
Jan,14,2023,82,69.3,59,59,48.4,35,92,55,18,3,0.6,0,26.9,26.9,26.8,0
Jan,15,2023,85,70.5,59,58,49.1,36,86,54.1,17,7,2.1,0,26.9,26.9,26.8,0
Jan,16,2023,85,72.4,58,61,50.3,40,94,52,20,6,1.4,0,26.9,26.9,26.9,0
Jan,17,2023,83,70.4,60,58,50.9,39,86,56.6,21,3,0.9,0,27,26.9,26.9,0
Jan,18,2023,82,69.1,59,59,51.8,38,94,61.8,21,7,3.5,0,27,26.9,26.9,0
Jan,19,2023,82,69.9,60,59,49.6,36,92,56.6,19,7,3.5,2,27,26.9,26.9,0
Jan,20,2023,77,69,60,62,58.4,55,89,70.8,48,8,4.3,2,27,26.9,26.9,0
Jan,21,2023,77,69,63,62,58.6,55,92,72,48,7,3.4,0,27,26.9,26.9,0
Jan,22,2023,80,69.6,62,60,54.3,44,94,62.8,32,9,4.5,2,26.9,26.9,26.8,0
Jan,23,2023,73,69,63,64,60.7,58,90,76,63,6,3.6,2,26.9,26.9,26.8,0
Jan,24,2023,78,71,64,63,59.9,58,90,69.6,53,6,2.5,0,26.9,26.9,26.8,0
Jan,25,2023,81,70.3,62,61,54.3,47,88,60.6,31,6,3.1,0,26.9,26.9,26.8,0
Jan,26,2023,82,71,63,61,52.4,43,92,57.5,25,6,3.6,2,26.9,26.9,26.8,0
Jan,27,2023,83,71.8,64,60,52.5,46,88,55.5,27,5,3,0,26.9,26.9,26.8,0
Jan,28,2023,82,71.4,62,65,49.9,36,88,41.6,0,7,3.6,0,26.9,26.9,26.8,0
Jan,29,2023,84,72.3,62,63,54,46,87,57.1,26,7,4.5,0,26.9,26.9,26.8,0
Jan,30,2023,80,73,65,64,61.4,59,90,68.9,49,7,4,2,26.9,23.5,0,0
Jan,31,2023,83,74,68,65,57.4,53,89,59.3,37,7,3.3,0,26.9,26.9,26.8,0
Feb,1,2023,82,72.5,62,60,55.3,50,88,57.1,32,9,5.9,0,26.9,23.5,0,0
Feb,2,2023,77,70.1,66,58,52.4,42,68,54.7,32,9,5.3,3,26.9,26.9,26.8,0
Feb,3,2023,78,72,63,63,59.1,56,83,64.4,51,7,3.9,0,26.9,26.9,26.8,0
Feb,4,2023,85,75.1,68,62,51.4,42,79,47.5,22,7,5.1,2,26.9,26.9,26.8,0
Feb,5,2023,87,75.8,66,62,50.6,38,87,47.6,19,6,3.8,1,26.9,26.9,26.8,0
Feb,6,2023,86,74.8,65,59,51.8,41,72,48.1,23,5,3.4,2,26.9,26.9,26.8,0
Feb,7,2023,87,75.5,65,60,53.8,46,83,50.6,25,5,2.3,0,26.9,26.9,26.8,0
Feb,8,2023,86,76,66,61,57.1,53,74,53.9,33,6,3,0,26.9,26.9,26.8,0
Feb,9,2023,86,75,66,64,55,47,85,54,28,7,3,0,26.9,26.9,26.8,0
Feb,10,2023,86,74.5,65,60,52.4,43,76,50.8,23,7,3.5,0,27,26.9,26.9,0
Feb,11,2023,85,73.9,62,57,48.4,35,84,46.8,16,5,2.3,0,27,26.9,26.9,0
Feb,12,2023,89,75.8,63,59,48.4,36,77,44,15,7,2.9,0,27,26.9,26.9,0
Feb,13,2023,88,76,63,53,49.3,46,70,41.8,24,7,2.8,0,27,26.9,26.9,0
Feb,14,2023,88,75.1,63,53,48.3,43,70,42.4,21,6,1.9,0,27,26.9,26.9,0
Feb,15,2023,89,74.8,58,55,50.4,43,92,48.6,20,7,3.1,0,26.9,26.9,26.8,0
Feb,16,2023,88,76.1,63,59,51.1,42,75,47.4,20,7,4.3,0,26.9,26.9,26.8,0
Feb,17,2023,86,75.4,65,60,50.5,43,83,46.8,23,6,3.1,0,26.9,26.9,26.8,0
Feb,18,2023,87,75.8,66,59,54.1,49,76,50.3,28,7,3.9,0,26.9,26.9,26.8,0
Feb,19,2023,87,75.9,65,60,47.9,0,83,43.4,0,7,4.1,0,27,26.9,26.9,0
Feb,20,2023,87,75.1,67,61,55.3,50,82,53.4,29,7,3.3,0,26.9,26.9,26.9,0
Feb,21,2023,88,76.6,66,55,50.6,47,68,43.3,25,7,3.5,0,27,26.9,26.9,0
Feb,22,2023,87,77,66,56,50.1,45,69,42.7,23,7,4,2,26.9,26.9,26.9,0
Feb,23,2023,87,75.5,64,56,44.8,35,71,39.4,17,7,3.1,0,26.9,26.9,26.9,0
Feb,24,2023,89,76.5,66,57,45.4,35,73,38.1,16,7,3,0,27,26.9,26.9,0
Feb,25,2023,90,77.3,63,55,44.6,34,77,36.5,14,6,4,0,27,27,26.9,0
Feb,26,2023,87,75.5,66,59,46,36,78,38.5,18,7,5.4,3,27,27,26.9,0
Feb,27,2023,86,74.3,63,58,45.3,37,84,40,18,7,2.9,0,27,27,26.9,0
Feb,28,2023,86,75.8,64,60,52,34,67,47.8,15,7,4,0,27,27,26.9,0
Mar,1,2023,86,76.6,68,63,57.1,44,84,54.3,26,6,4.9,3,27,27,26.9,0
Mar,2,2023,84,74.5,65,59,45,35,78,38.3,19,7,5.5,5,27.1,27,26.9,0
Mar,3,2023,87,74.1,60,49,45,42,56,37.1,20,6,4.3,2,27.1,27,27,0
Mar,4,2023,90,78.1,65,54,40,25,50,29,10,7,5.3,2,27.1,27,26.9,0
Mar,5,2023,89,77.3,66,55,47.1,39,66,37.1,19,10,4.9,0,27,27,26.9,0
Mar,6,2023,89,77.3,65,55,49.3,45,69,40.8,22,7,2.4,0,27,26.9,26.9,0
Mar,7,2023,87,75.6,63,63,50.1,38,79,46.4,17,7,3.4,0,27,26.9,26.9,0
Mar,8,2023,86,76.9,68,58,53.6,50,70,46.4,33,7,4.7,0,27,26.9,26.9,0
Mar,9,2023,85,75.5,65,64,58.3,52,85,57.4,36,7,3,0,27,26.9,26.9,0
Mar,10,2023,86,75.8,67,69,59,47,82,58.8,29,7,3,0,27,26.9,26.9,0
Mar,11,2023,84,74.7,64,61,57.1,51,86,57.3,31,7,3.7,0,26.9,26.9,26.9,0
Mar,12,2023,89,77.3,64,64,56.5,48,92,53.4,24,7,4.1,0,27,26.9,26.8,0
Mar,13,2023,90,78.9,68,65,56.9,45,87,52.8,21,7,4.3,0,26.9,26.9,26.8,0
Mar,14,2023,90,79.8,68,61,55.5,47,79,46.5,25,7,4,0,26.9,26.8,26.8,0
Mar,15,2023,91,80.6,69,71,60.3,44,93,57.4,20,7,3.5,0,26.9,26.8,26.8,0
Mar,16,2023,88,77.5,70,70,68.1,65,96,74,52,7,3.9,2,26.9,26.9,26.8,0
Mar,17,2023,87,76.5,68,78,71.8,68,98,85.5,69,7,3.3,2,26.9,26.9,26.8,0.12
Mar,18,2023,87,77.4,69,69,66.1,64,96,69.4,47,6,4.4,2,26.9,26.8,26.7,0.2
Mar,19,2023,89,79.4,71,67,60,54,86,54.4,30,7,5.9,2,26.9,26.8,26.7,0
Mar,20,2023,87,79.8,72,68,56.6,49,77,47.3,32,7,5.3,0,26.9,26.8,26.7,0
Mar,21,2023,90,79,70,63,55.6,45,69,47,23,7,3.3,0,26.9,26.8,26.8,0
Mar,22,2023,91,81.9,72,68,61.3,58,86,51.9,33,5,1.7,0,26.9,26.8,26.7,0
Mar,23,2023,91,81.4,73,68,62.1,55,72,54.6,30,7,3.3,0,26.9,26.8,26.8,0
Mar,24,2023,92,81.8,74,73,64.6,60,87,58.8,34,7,4,2,26.9,26.8,26.8,0
Mar,25,2023,89,80.9,75,67,56.6,0,70,52.9,0,6,3.1,0,26.9,20.1,0,0
Mar,26,2023,91,82.1,74,69,63.6,58,77,56.4,35,5,3.7,2,26.9,26.8,26.8,0
Mar,27,2023,93,80.9,73,67,53.6,33,82,45.9,13,6,2.9,0,26.9,26.8,26.8,0.01
Mar,28,2023,94,83.4,73,68,56.8,46,77,44.8,21,7,2.8,0,26.9,26.8,26.8,0
Mar,29,2023,90,81.5,75,68,64.4,59,80,58,38,5,3.3,2,26.9,26.9,26.8,0
Mar,30,2023,90,80.3,73,67,61.4,56,76,55,31,6,3.3,2,26.9,26.8,26.8,0
Mar,31,2023,93,83.3,73,67,53.6,0,72,46.3,0,5,3.1,2,26.9,26.8,26.7,0
Apr,1,2023,93,83,75,66,62.3,56,67,51.8,30,3,2.1,0,26.9,26.8,26.7,0
Apr,2,2023,92,83,75,67,62.6,54,71,53.6,29,6,2.6,0,26.9,26.8,26.7,0
Apr,3,2023,91,80.8,73,72,65,60,90,61.6,36,10,4,0,26.9,26.8,26.8,0
Apr,4,2023,87,78.8,72,68,65.3,63,80,64.5,46,7,3,0,26.9,26.8,26.7,0
Apr,5,2023,90,80.2,74,67,65.2,63,75,61,46,3,1.5,0,26.9,26.9,26.8,0
Apr,6,2023,92,81.9,74,70,64.8,61,79,57.8,35,7,3.1,0,26.9,26.9,26.8,0
Apr,7,2023,90,80.8,73,69,61.8,55,86,55.1,32,6,3.4,2,26.9,26.9,26.9,0
Apr,8,2023,91,81.3,72,66,56.5,44,75,47.9,19,6,4.3,2,27,26.9,26.9,0
Apr,9,2023,93,80.9,70,65,57.5,44,82,50.8,18,7,4.3,2,27,26.9,26.9,0
Apr,10,2023,91,82.1,71,67,59,47,86,49.6,24,5,3.6,0,27,26.9,26.9,0
Apr,11,2023,95,83.9,74,63,52.1,40,61,37.4,15,6,3.1,0,26.9,26.9,26.9,0
Apr,12,2023,95,74,0,61,50.1,28,67,29.6,0,25,4.8,0,26.9,26.9,26.8,0
Apr,13,2023,97,75.3,0,61,50.6,43,48,27.5,0,9,4.9,0,26.9,26.9,26.8,0
Apr,14,2023,95,84.7,72,63,53.1,42,60,37.1,18,3,1.6,0,26.9,26.9,26.8,0
Apr,15,2023,93,83.6,74,66,53.6,44,65,39.3,20,7,2.9,0,26.9,26.9,26.8,0
Apr,16,2023,96,83.3,69,58,51.5,43,66,37.6,18,7,2.8,0,26.9,26.8,26.8,0
Apr,17,2023,94,82,71,67,53.6,43,69,41.3,22,6,2,0,26.9,26.9,26.8,0
Apr,18,2023,92,83.7,71,59,56.2,50,63,40.7,24,5,2.8,0,26.9,26.9,26.8,0
Apr,19,2023,96,85.4,73,66,58.4,50,69,42.9,22,2,1.1,0,26.9,26.8,26.7,0
Apr,20,2023,95,86.1,76,70,63.3,57,81,49.1,31,5,1.7,0,26.8,26.8,26.7,0
Apr,21,2023,92,79.8,73,70,67.3,62,85,67.9,39,5,2.8,0,26.8,26.8,26.7,0
Apr,22,2023,93,81.7,74,67,64.3,62,71,56.9,35,6,3,0,26.8,26.8,26.7,0.28
Apr,23,2023,93,84.7,75,70,63.6,55,84,53,27,5,2,0,26.8,26.8,26.7,0
Apr,24,2023,90,82.5,74,71,66.8,61,85,61.7,38,7,3.3,0,26.9,26.8,26.7,0
Apr,25,2023,87,79.8,75,71,67.2,59,88,67,39,7,4.8,3,26.9,26.8,26.8,0
Apr,26,2023,90,82,76,69,64.3,56,81,58.6,34,7,4.6,2,26.9,26.8,26.8,0
Apr,27,2023,91,81.8,75,69,64.5,58,78,58.3,33,5,3.6,2,26.9,26.8,26.8,0
Apr,28,2023,92,82.8,73,68,65.4,60,85,57.4,41,6,3.8,0,26.9,26.8,26.8,0
Apr,29,2023,85,77.8,74,74,69.6,65,90,76.6,50,6,3,0,26.9,26.8,26.7,0
Apr,30,2023,87,80,73,72,66.3,60,89,64.6,40,10,3.7,0,26.9,26.8,26.7,0.79
May,1,2023,85,76,72,70,67.9,63,93,77.6,50,6,2.3,0,26.9,26.8,26.7,1.02
May,2,2023,84,77.3,71,71,68.5,67,91,74.8,56,6,2.7,0,26.9,26.8,26.7,1.06
May,3,2023,82,75.8,72,73,69.8,68,93,82,62,5,2.7,0,26.9,26.8,26.8,0.03
May,4,2023,86,76.2,71,70,63.4,50,88,67.2,48,6,2,0,26.9,26.8,26.8,0.55
May,5,2023,82,76.8,71,70,67.2,64,96,74,55,6,4.2,2,26.9,26.8,26.8,1.57
May,6,2023,81,76.2,72,73,69.7,67,92,80.8,63,5,5,5,26.9,26.8,26.7,0
May,7,2023,82,75.9,71,71,68.6,66,95,79.4,64,6,3.4,0,26.9,26.8,26.8,0.1
May,8,2023,84,76.3,71,72,70.3,68,93,82.3,61,5,1.8,0,26.8,26.8,26.7,0.24
May,9,2023,89,79.4,71,73,70.3,67,95,74.7,49,5,1.9,0,26.8,26.8,26.7,0.2
May,10,2023,90,82.1,73,74,70.1,60,93,69.3,36,3,2,0,26.8,26.8,26.7,0.02
May,11,2023,87,78.7,70,72,70,68,93,76,52,6,2.8,0,26.9,26.8,26.7,0
May,12,2023,87,67.8,0,73,69.5,67,95,67.9,0,14,5.6,2,26.9,26.8,26.8,0.53
May,13,2023,86,78.8,73,73,70.6,65,91,77.3,62,9,6.6,5,26.9,26.8,26.8,0
May,14,2023,90,81.1,73,71,67.8,64,91,66.1,42,9,6.1,0,26.9,26.8,26.8,0
May,15,2023,90,81.6,74,73,69.1,65,88,66.5,49,9,4.4,0,26.9,26.8,26.8,0
May,16,2023,93,83.3,74,70,64.5,56,85,56,32,6,3.5,0,26.9,26.9,26.8,0
May,17,2023,93,84.6,76,70,64,57,71,52.5,29,5,2.1,0,26.9,26.9,26.8,0
May,18,2023,93,84.5,78,72,67.3,59,78,57.6,32,6,3.6,0,26.9,26.9,26.8,0
May,19,2023,95,84.8,77,73,66.3,59,87,57.8,30,3,1.8,0,26.9,26.8,26.8,0
May,20,2023,91,77.5,71,72,68,60,95,76.6,35,6,4.1,0,26.9,26.8,26.8,0
May,21,2023,91,76.4,71,69,68.3,67,93,79,50,12,5.6,0,26.9,26.9,26.8,1.18
May,22,2023,88,77.4,71,70,69,67,95,77.9,49,6,3.9,2,26.9,26.9,26.8,1.24
May,23,2023,90,80.4,70,71,68,65,93,69.4,43,7,3,0,26.9,26.9,26.8,0.64
May,24,2023,88,78.1,70,73,70,67,95,76.3,60,7,5.6,5,26.9,26.9,26.8,1.02
May,25,2023,87,78,72,71,69.1,67,91,75.3,52,9,4.8,0,26.9,26.9,26.9,0.06
May,26,2023,88,79.4,72,72,68.1,65,93,70.4,46,7,5.1,3,26.9,26.9,26.8,0
May,27,2023,87,80.4,72,73,69.8,67,93,72,50,9,4.9,0,26.9,26.8,26.8,0
May,28,2023,90,80.8,73,73,69.6,66,93,70.6,48,6,4.6,2,26.9,26.8,26.8,0
May,29,2023,90,80.4,75,75,72.1,68,92,76,52,5,2.5,0,26.9,26.8,26.8,0
May,30,2023,86,74.9,69,76,71.5,68,98,89.8,64,5,2.6,0,26.9,26.9,26.8,0
May,31,2023,86,78.4,68,73,70.1,66,95,76.6,60,3,2.7,2,26.9,26.8,26.8,2.57
Jun,1,2023,87,79.4,71,73,71.8,68,93,78.8,61,6,3.9,2,26.9,26.8,26.8,0
Jun,2,2023,88,79.6,73,77,70.9,65,91,75.8,50,6,3.9,0,26.9,26.8,26.8,0
Jun,3,2023,91,81.5,74,73,70.4,68,93,71.1,47,10,5,0,26.9,26.8,26.8,0
Jun,4,2023,85,79.5,74,73,68.4,65,95,69.6,52,9,5.3,2,26.9,26.8,26.8,0
Jun,5,2023,88,80.5,73,70,67.9,64,83,66.5,47,12,6.4,2,26.8,26.8,26.8,0
Jun,6,2023,87,78.9,73,74,69.4,65,84,73.6,53,12,5.8,0,26.8,26.8,26.7,0
Jun,7,2023,88,78.6,73,70,69.3,68,90,73.3,55,10,5.9,3,26.9,26.8,26.7,0.17
Jun,8,2023,89,80.1,73,71,67.8,63,88,67.5,44,9,6.4,5,26.8,26.8,26.7,0.01
Jun,9,2023,89,79.3,72,70,67.9,65,85,69.8,48,7,5.5,3,26.8,26.8,26.7,0
Jun,10,2023,86,76.8,71,68,66.6,65,89,72.4,51,12,7.5,5,26.8,26.8,26.7,0.04
Jun,11,2023,86,77.8,71,70,68.6,67,91,74.5,57,9,5.8,3,26.8,26.8,26.7,0
Jun,12,2023,89,78,72,70,68.1,65,93,74.4,45,9,5.9,2,26.8,26.8,26.7,0.02
Jun,13,2023,87,78.3,71,70,67.9,62,96,72.5,45,10,6.9,5,26.8,26.8,26.7,0.83
Jun,14,2023,89,78.5,72,71,67.5,63,86,70.5,46,9,6.1,3,26.9,26.8,26.8,0
Jun,15,2023,87,79.8,72,69,67,63,86,66.1,46,7,5,3,26.9,26.8,26.8,0.08
Jun,16,2023,88,79.6,73,69,66,62,85,65.1,44,12,7,5,26.9,26.8,26.7,0
Jun,17,2023,87,79.5,73,70,68,64,90,70.1,48,10,6.4,3,26.8,26.8,26.8,0
Jun,18,2023,82,76.1,73,197,84.4,67,88,68,0,10,7,3,26.8,26.8,26.7,0.04
Jun,19,2023,82,76.9,72,72,70.3,69,90,80.3,67,9,4.3,0,26.8,26.8,26.7,0
Jun,20,2023,76,73,69,72,70.4,68,96,91.1,85,5,3.3,3,26.8,26.8,26.7,0.07
Jun,21,2023,81,74.4,71,71,69.6,69,96,85.6,67,7,4.9,3,26.8,26.8,26.7,0.74
Jun,22,2023,85,77.5,71,71,69,68,93,76.9,57,6,4,0,26.8,26.8,26.7,0.12
Jun,23,2023,83,76.4,71,70,69.1,67,95,79.1,61,6,4.4,0,26.8,26.8,26.7,0.3
Jun,24,2023,80,74.4,71,70,68.3,67,93,81.9,69,9,6.5,5,26.8,26.8,26.7,0.01
Jun,25,2023,83,75.9,70,69,66.9,64,91,75,52,9,5.7,3,26.8,26.8,26.7,0.02
Jun,26,2023,81,75.5,71,68,66,64,91,72.8,62,7,6,5,26.8,26.8,26.8,0.28
Jun,27,2023,84,75.1,70,69,67.1,65,87,77.4,58,9,5.9,3,26.9,26.8,26.8,0
Jun,28,2023,82,75.3,69,67,65.8,65,91,73.6,58,7,5.6,5,26.9,26.8,26.8,0.08
Jun,29,2023,84,74.4,70,69,67.4,66,91,79.4,55,7,5.6,2,26.9,26.8,26.8,0
Jun,30,2023,85,77.9,70,68,66.1,60,93,69.1,44,7,6.3,5,26.9,26.8,26.8,0.08
Jul,1,2023,87,78.4,72,69,66.6,63,89,69.3,46,7,5.3,3,26.9,26.8,26.8,0
Jul,2,2023,82,75.3,71,71,68.8,68,93,81.4,64,9,5.9,3,26.8,26.8,26.8,0
Jul,3,2023,84,74.9,70,71,68.1,65,93,81.4,53,7,6,5,26.8,26.8,26.7,0.72
Jul,4,2023,80,72.9,69,71,67.8,66,93,84.9,70,9,6.5,5,26.7,26.7,26.7,0.16
Jul,5,2023,78,72.8,69,68,66.4,66,91,81.3,68,7,5.9,5,26.7,26.7,26.6,0.05
Jul,6,2023,79,73.1,70,69,67.4,66,96,83.1,66,9,7.8,6,28.3,26.9,26.7,0.01
Jul,7,2023,80,72.9,69,72,68.9,67,96,88,66,9,6.9,5,26.9,26.8,26.8,0.01
Jul,8,2023,74,71.8,70,70,68.8,68,93,90,86,7,5.1,3,26.9,26.8,26.8,0.31
Jul,9,2023,80,75.3,71,70,68.3,66,93,80.3,68,7,4.6,3,26.9,26.8,26.8,0.3
Jul,10,2023,81,74.1,71,71,69.8,66,96,87.4,61,5,3.3,2,26.9,26.8,26.8,0.04
Jul,11,2023,80,72.8,69,69,67.8,67,96,85,67,6,3.9,3,26.8,26.8,26.8,0.41
Jul,12,2023,81,73.6,69,70,68.8,68,96,85.6,67,5,4.3,3,26.8,26.8,26.7,0.59
Jul,13,2023,78,72.8,69,71,66.3,53,95,83.3,43,6,4,1,26.8,26.8,26.8,0.47
Jul,14,2023,80,73.9,69,69,68,67,96,82.3,64,6,4.8,3,26.9,26.8,26.8,0.98
Jul,15,2023,83,75.5,69,71,68.8,66,91,80.6,63,7,5.4,3,26.9,26.8,26.8,0.05
Jul,16,2023,82,75.5,71,69,67.6,65,91,77.8,60,7,4.5,3,26.9,26.8,26.8,0.08
Jul,17,2023,80,74.9,70,68,67.3,66,95,78.1,63,9,6.4,5,26.8,26.8,26.7,0
Jul,18,2023,81,75.4,71,68,65.8,63,89,73.1,54,9,7.3,6,28.6,27,26.7,0.01
Jul,19,2023,81,74.3,70,67,66.3,65,91,77.3,64,12,7.6,5,26.8,26.7,26.7,0
Jul,20,2023,82,75.6,70,67,65,62,91,71.5,51,12,8.9,7,26.8,26.7,26.7,0
Jul,21,2023,80,74.9,72,68,66.8,65,85,76.5,64,12,9.4,7,26.8,26.8,26.7,0
Jul,22,2023,77,73.4,70,69,58.9,-3,91,72,5,14,9.1,5,26.8,26.8,26.8,0
Jul,23,2023,78,72.5,68,71,68.3,66,98,86.9,68,12,7.4,3,26.8,26.8,26.8,0.01
Jul,24,2023,74,70.4,69,71,68.7,68,96,94.3,90,7,6,3,26.8,26.8,26.8,0.28
Jul,25,2023,75,70.9,68,70,68,66,96,91,78,7,4.4,2,26.8,26.8,26.8,0.28
Jul,26,2023,74,70.1,68,69,68,66,98,93.6,82,7,4,2,26.8,26.8,26.8,0.48
Jul,27,2023,85,74.1,68,68,65.5,65,91,76.4,52,7,5.4,3,26.9,26.8,26.8,0.27
Jul,28,2023,80,73.8,69,71,67.8,63,91,81.3,67,7,4.9,3,26.9,26.8,26.8,0
Jul,29,2023,78,72.9,69,68,66.6,65,91,81.3,63,9,5.4,2,26.9,26.8,26.8,0.08
Jul,30,2023,83,75.5,68,70,66.8,64,93,75.3,52,9,5.9,3,26.9,26.8,26.8,0.02
Jul,31,2023,83,66.1,0,69,67.1,65,89,61.1,0,35,10.9,5,26.9,26.8,26.8,0
Aug,1,2023,81,74.4,70,70,68.6,67,93,82.8,69,7,6.4,5,26.8,26.8,26.8,0
Aug,2,2023,83,75.4,68,67,65.4,63,95,73.6,52,9,7.1,6,26.9,26.8,26.8,0
Aug,3,2023,82,75.3,69,67,65.1,62,91,72.3,52,7,6.3,6,26.9,26.8,26.8,0
Aug,4,2023,85,76.1,69,67,66.1,63,93,72.9,53,9,6.9,5,26.9,26.9,26.8,0
Aug,5,2023,83,76,69,69,67.1,65,91,74.9,57,9,7.4,6,26.9,26.9,26.8,0
Aug,6,2023,83,75.5,71,72,68.9,67,90,80.8,62,9,4.8,0,26.9,26.9,26.8,0.01
Aug,7,2023,83,76.1,70,68,66.3,62,93,73.4,51,9,6.1,3,26.9,26.8,26.8,0.09
Aug,8,2023,82,75.5,70,70,66.6,63,93,75.6,54,7,3.6,0,26.9,26.8,26.8,0
Aug,9,2023,84,77.1,71,70,67.3,64,91,72.5,54,5,3.9,2,26.9,26.9,26.8,0.05
Aug,10,2023,84,77.6,72,70,68.5,66,91,74.5,60,5,3,0,26.9,26.9,26.8,0
Aug,11,2023,86,78.1,72,70,67.4,63,91,71,50,5,3.4,0,26.9,26.9,26.8,0
Aug,12,2023,87,78.9,73,69,67.3,66,80,68.6,50,6,3.6,2,26.9,26.8,26.8,0
Aug,13,2023,86,77.4,71,69,66.3,63,88,70.8,48,5,4,3,26.9,26.8,26.8,0
Aug,14,2023,86,77.9,68,68,66.3,64,83,56.8,0,3,3,3,26.9,26.8,26.8,0.02
Aug,15,2023,86,78.8,71,67,63.3,57,82,61,39,7,4.8,3,26.9,26.8,26.8,0
Aug,16,2023,87,79.4,72,69,64.8,60,85,63,39,7,4,3,26.9,26.8,26.8,0
Aug,17,2023,86,78.3,72,68,65.6,64,86,66.6,48,9,6.6,3,26.9,26.8,26.8,0
Aug,18,2023,83,76.4,71,67,65.5,64,86,70.1,53,7,6.1,5,26.9,26.8,26.8,0
Aug,19,2023,82,73.8,70,70,67.3,65,91,81,60,9,6.3,5,26.8,26.8,26.8,0
Aug,20,2023,83,76.1,69,69,67.5,65,88,74.9,60,7,4.9,3,26.8,26.8,26.7,0.32
Aug,21,2023,86,77.6,71,69,66.4,63,86,69.6,48,5,3.8,3,26.8,23.4,0,0
Aug,22,2023,86,78.8,72,70,67.8,66,85,69.6,54,6,3.4,3,26.8,26.8,26.7,0
Aug,23,2023,87,79,72,81,67,61,100,69.1,44,6,3.8,0,26.9,26.8,26.7,0
Aug,24,2023,85,77.8,72,67,64.8,62,85,66,47,6,4.6,3,26.8,26.8,26.8,0
Aug,25,2023,88,78.9,71,70,63.8,60,88,61.9,39,6,3.6,2,26.9,26.8,26.8,0
Aug,26,2023,86,79.1,72,69,67.5,65,88,68.8,50,5,3.6,2,26.9,26.8,26.8,0
Aug,27,2023,88,79,73,68,66,62,83,65.5,49,5,3.8,2,26.9,26.8,26.8,0
Aug,28,2023,89,80.8,73,67,64.4,62,80,58.9,40,5,3.8,3,26.9,26.8,26.8,0
Aug,29,2023,84,78.9,73,67,65,63,79,63.4,51,6,4.5,2,26.9,26.8,26.7,0
Aug,30,2023,89,80.6,72,71,64.4,58,85,59.8,35,5,4.1,2,26.9,26.8,26.8,0
Aug,31,2023,87,78.3,69,69,67.4,64,93,71,52,5,2.9,0,26.9,26.8,26.8,0.02
Sep,1,2023,84,76.4,68,70,69.5,68,98,79.6,61,6,2.5,0,26.9,26.8,26.8,3.5
Sep,2,2023,83,76.5,72,70,69.3,68,93,78.9,61,6,3.5,2,26.8,26.8,26.7,0
Sep,3,2023,81,75.9,71,69,66.9,64,93,74.1,62,7,4.3,2,26.8,26.8,26.7,0.07
Sep,4,2023,77,72.9,71,68,65.3,63,91,77.6,63,12,6.1,3,26.8,26.8,26.7,0.01
Sep,5,2023,80,73,69,72,67.6,64,96,84.4,63,7,4.3,2,26.8,26.7,26.7,0
Sep,6,2023,81,73.9,69,69,67.9,66,96,82.3,60,10,5.1,3,26.8,26.8,26.7,0.99
Sep,7,2023,82,75.4,71,70,67.3,63,96,77.5,52,9,6.1,3,26.8,26.8,26.7,0
Sep,8,2023,82,75.6,70,68,65.6,61,93,73.1,48,9,6.6,5,26.8,26.8,26.8,0.17
Sep,9,2023,84,77.3,70,68,65.4,61,93,68.3,51,7,6.1,5,26.8,26.8,26.7,0
Sep,10,2023,84,76.1,71,70,66.5,62,89,73,49,7,6.1,5,26.8,26.8,26.7,0
Sep,11,2023,82,75.3,71,69,67.6,66,88,77.8,62,7,5,3,26.8,26.8,26.7,0.05
Sep,12,2023,84,76.6,70,69,66.8,63,91,74,51,9,5.5,3,26.9,26.8,26.7,0
Sep,13,2023,83,74.8,69,69,67.8,67,96,80.8,58,7,4.8,3,26.9,26.8,26.7,0
Sep,14,2023,79,73.3,68,68,58.9,0,95,71.3,0,9,5.9,3,26.8,26.8,26.7,0.74
Sep,15,2023,80,65.6,0,71,69,67,93,71.4,0,35,9.6,3,26.9,26.8,26.8,0
Sep,16,2023,82,74.9,71,70,67.9,65,91,79.9,64,7,4.4,0,26.9,26.8,26.8,0.06
Sep,17,2023,84,76,71,72,69,68,93,79.9,61,7,4.5,2,28,26.9,26.7,0
Sep,18,2023,82,74.4,70,71,69.1,68,95,85.3,62,9,5.3,3,26.9,26.8,26.8,0.36
Sep,19,2023,85,76.9,71,69,67.5,65,93,74,55,6,4.5,3,26.9,26.8,26.8,0.87
Sep,20,2023,82,75,70,72,69.4,67,96,83.3,60,5,3.6,2,26.9,26.8,26.8,0.05
Sep,21,2023,80,74.8,70,72,69.4,68,95,84,69,5,3.8,1,26.9,26.8,26.8,0.4
Sep,22,2023,84,76.5,70,71,69.6,68,95,80.1,61,6,3.5,2,26.9,26.8,26.8,0.8
Sep,23,2023,85,77.8,72,73,70.4,68,96,79.5,59,5,4.3,3,26.9,26.8,26.8,0.05
Sep,24,2023,83,76.3,71,72,70.3,68,96,82.1,61,6,4.5,3,26.9,26.8,26.8,0.24
Sep,25,2023,81,73.6,71,71,69.1,68,95,86.4,70,7,4,3,26.9,26.8,26.8,0.24
Sep,26,2023,78,73,70,69,67.8,67,93,84,70,5,3.3,3,26.9,26.8,26.8,0.89
Sep,27,2023,81,75.3,70,67,66.5,65,89,75,60,6,4.3,3,26.8,26.8,26.7,0.07
Sep,28,2023,81,73.1,69,69,68.1,67,96,85,65,7,4.6,3,26.8,26.8,26.8,0.1
Sep,29,2023,80,74.6,70,68,66.9,65,89,77.7,65,6,4.7,3,26.9,26.8,26.8,0.2
Sep,30,2023,81,74.6,70,69,67.9,67,91,80.6,66,7,5.9,5,26.9,26.8,26.8,0
Oct,1,2023,82,75.1,70,69,67.5,67,91,77.9,59,9,6.5,5,26.9,26.8,26.8,0.02
Oct,2,2023,83,76.1,70,68,66,63,93,72.6,50,9,5.9,3,26.9,26.8,26.8,0
Oct,3,2023,84,77,69,69,66.5,65,92,71.4,53,5,3.4,0,26.9,26.8,26.8,0
Oct,4,2023,84,77.5,71,68,67.3,66,89,70.9,55,6,3.3,0,26.9,26.9,26.8,0
Oct,5,2023,85,68.8,0,70,68.8,68,89,63.8,0,39,8,2,26.9,26.8,26.8,0
Oct,6,2023,84,77.4,73,69,67.5,65,86,72.3,53,6,3.4,2,26.9,26.8,26.8,0
Oct,7,2023,85,78.4,73,70,67.9,66,90,71.8,54,5,3.3,2,26.9,26.8,26.8,0
Oct,8,2023,83,76.8,72,70,69.3,68,93,78.3,62,5,2,0,26.9,26.9,26.8,0
Oct,9,2023,83,74,70,72,70.1,68,96,88.3,67,5,2.4,0,26.9,26.9,26.9,0.55
Oct,10,2023,84,76,69,72,69.1,67,96,80.5,56,6,2,0,26.9,26.9,26.8,2.61
Oct,11,2023,82,74.1,71,72,69.8,68,93,86.1,68,3,1,0,26.9,26.9,26.8,0.04
Oct,12,2023,83,75,69,70,65.9,61,91,74.3,47,3,1.1,0,26.9,26.9,26.9,0.18
Oct,13,2023,87,76,68,64,59,51,87,59.5,30,5,1.4,0,27,26.9,26.9,0
Oct,14,2023,86,77.1,69,71,64.6,57,91,68.9,38,3,1.8,0,27,26.9,26.9,0
Oct,15,2023,85,77.5,72,70,68.4,62,91,74.8,47,3,2,0,26.9,26.9,26.8,0.04
Oct,16,2023,83,76.8,72,69,67.6,65,88,74.5,56,5,3,0,26.9,26.9,26.8,0
Oct,17,2023,85,77,70,68,63.4,58,88,64.1,41,6,2.6,0,26.9,26.9,26.9,0
Oct,18,2023,85,75.9,68,65,62.1,58,86,64.3,44,5,2.6,0,27,26.9,26.9,0
Oct,19,2023,84,76.5,67,67,63.3,60,87,66,45,3,1.9,0,27,26.9,26.9,0
Oct,20,2023,85,76.4,68,66,63.3,60,85,65,43,5,2.4,0,27,26.9,26.9,0
Oct,21,2023,85,76.9,70,67,65.1,61,89,68.4,44,5,1.6,0,27,26.9,26.9,0
Oct,22,2023,86,77,69,65,62,58,82,61.1,38,3,1.3,0,27,26.9,26.9,0
Oct,23,2023,85,74.9,66,64,54.8,46,87,53.4,25,2,1,0,27,26.9,26.9,0
Oct,24,2023,87,74.6,63,60,50.9,44,75,47,22,3,1,0,26.9,26.9,26.8,0
Oct,25,2023,87,75.1,64,64,53,43,72,49.8,21,3,1.4,0,27,26.9,26.9,0
Oct,26,2023,85,75.5,67,65,59,53,85,59.6,33,7,2,0,27,26.9,26.9,0
Oct,27,2023,84,75.9,68,67,62.4,56,90,64.9,43,7,3.3,0,26.9,26.9,26.8,0
Oct,28,2023,84,76.8,70,67,64.9,62,86,68.3,50,3,2.9,2,26.9,26.9,26.8,0
Oct,29,2023,82,76.4,71,67,65.5,64,88,70,54,7,3.8,1,26.9,26.9,26.8,0
Oct,30,2023,80,73.6,69,68,66.3,64,91,79,58,7,3.9,1,26.9,26.9,26.8,0
Oct,31,2023,80,74.3,68,68,65.9,65,90,75.7,62,7,3.7,0,26.9,26.9,26.9,0.36
Nov,1,2023,82,75,70,66,64,61,86,70.6,52,5,2.4,1,27,26.9,26.9,0
Nov,2,2023,82,75.8,69,70,67,65,88,75.1,55,5,2.9,2,26.9,26.9,26.8,0
Nov,3,2023,86,76,71,70,67,63,89,75,46,7,4.3,3,26.9,26.8,26.8,0
Nov,4,2023,82,74.4,70,70,68.3,67,93,82.8,62,5,2.3,0,26.9,26.9,26.8,0.09
Nov,5,2023,81,75.4,71,69,67.6,66,93,77.9,61,5,3,2,26.9,26.9,26.8,0.07
Nov,6,2023,82,73.8,67,70,67.6,65,98,82.6,58,3,2.1,0,27,26.9,26.9,0
Nov,7,2023,77,71.4,68,69,68.5,67,98,90.4,75,3,0.9,0,26.9,26.9,26.9,2.8
Nov,8,2023,81,74,70,69,68.9,68,93,83.3,67,3,2,0,26.9,26.9,26.8,1.15
Nov,9,2023,80,73.8,70,68,66.9,65,93,80.6,66,6,3,0,27,26.9,26.9,0
Nov,10,2023,81,73.5,68,69,67.1,65,93,81.1,64,5,2.6,0,27,26.9,26.9,0
Nov,11,2023,84,73.8,66,66,59.8,52,92,65.4,32,6,3,0,27,26.9,26.9,0
Nov,12,2023,81,72.6,66,65,61.6,58,94,69.6,45,7,4.1,2,27,26.9,26.9,0
Nov,13,2023,81,72.1,64,65,62.8,60,95,73.5,55,5,2.5,0,27,26.9,26.9,0
Nov,14,2023,74,70,66,65,62.6,60,94,77.5,60,6,3.3,0,26.9,26.9,26.9,0
Nov,15,2023,81,73.8,68,65,62.9,60,87,70.4,50,5,2.3,0,26.9,26.9,26.9,0
Nov,16,2023,84,75.9,67,68,63.6,57,91,67.8,43,5,2.1,0,26.9,26.9,26.9,0
Nov,17,2023,83,75.9,71,69,65.6,61,93,72.5,48,6,3.1,0,27,26.9,26.9,0
Nov,18,2023,84,75.8,69,66,64.8,63,89,70,52,6,3.4,2,26.9,26.9,26.9,0
Nov,19,2023,84,74.5,67,65,60.9,58,89,64.6,41,6,4.3,2,27,26.9,26.9,0
Nov,20,2023,83,74.5,67,66,63.5,60,87,70,49,5,2.8,0,27,26.9,26.9,0
Nov,21,2023,77,72.9,69,69,67.4,65,93,83.1,73,5,3.9,2,26.9,26.9,26.8,0
Nov,22,2023,82,74.4,71,72,68.8,66,93,83.4,64,3,2.4,0,26.9,26.9,26.8,0
Nov,23,2023,81,73.9,70,69,67.9,67,91,82,65,5,2.9,0,26.9,26.9,26.8,0.06
Nov,24,2023,77,73.1,69,70,67.8,66,95,83.6,70,7,4.3,2,26.9,26.9,26.8,0.02
Nov,25,2023,77,72.3,69,69,67.5,65,95,85.3,74,7,4.6,2,27,26.9,26.9,0
Nov,26,2023,80,73.3,67,67,64.4,62,89,74.6,55,6,5,3,27,26.9,26.9,0
Nov,27,2023,81,73.4,69,67,65.9,65,91,78.3,58,5,4,3,26.9,26.9,26.8,0
Nov,28,2023,81,73.6,69,68,66.3,65,93,78.9,60,5,2.5,0,26.9,26.9,26.8,0
Nov,29,2023,81,73.6,69,67,65.9,64,91,77.6,56,5,2.8,1,26.9,26.9,26.8,0
Nov,30,2023,80,73.7,68,67,65.7,64,89,76.4,61,6,3.6,2,26.9,26.9,26.9,0
Dec,1,2023,80,72.9,68,67,66.3,65,91,80.1,63,6,2.8,2,26.9,26.9,26.8,0
Dec,2,2023,80,73,67,69,65.5,62,95,78.3,58,5,2.9,0,26.9,26.8,26.8,0
Dec,3,2023,75,71.1,69,70,67.6,66,95,89,83,6,2,0,26.9,26.8,26.8,0.01
Dec,4,2023,74,71.3,68,67,66,64,93,83.6,75,6,2.9,0,26.8,26.8,26.8,0.01
Dec,5,2023,78,71.9,68,67,66.1,64,95,82.5,67,5,1.9,0,26.8,26.8,26.7,0
Dec,6,2023,84,75,67,69,65.8,61,96,75.1,47,3,0.6,0,26.9,26.8,26.8,0
Dec,7,2023,83,75.6,70,70,67.8,66,95,77.6,55,2,0.9,0,26.9,26.9,26.8,0
Dec,8,2023,81,75.1,71,69,68,65,95,80.1,60,5,3,0,26.9,26.9,26.8,0
Dec,9,2023,81,74.4,69,70,68,66,95,81.8,63,3,2.4,0,27,26.9,26.9,0
Dec,10,2023,82,74.1,68,67,66.3,65,95,77.8,55,5,2.9,2,26.9,26.9,26.8,0
Dec,11,2023,81,64.1,0,65,64.5,63,95,65.9,0,76,11.5,0,27,26.9,26.9,0
Dec,12,2023,80,72.5,66,65,62.5,61,87,72,54,3,2.1,0,26.9,23.5,0,0
Dec,13,2023,80,71.5,66,63,60.5,56,90,70.9,43,6,2.9,2,26.9,26.9,26.8,0
Dec,14,2023,77,69.9,64,64,61,58,94,74.6,52,3,2.6,2,27,26.9,26.9,0
Dec,15,2023,77,70.8,64,68,64.9,61,96,82.5,62,3,1.6,0,27,26.9,26.9,0
Dec,16,2023,79,72,67,68,66.1,64,96,82.3,60,6,3.5,2,27,26.9,26.9,0
Dec,17,2023,75,71,67,67,65.4,63,93,82.8,67,5,2.6,0,26.9,26.9,26.9,0
Dec,18,2023,73,69.5,67,67,63.8,62,96,82.3,71,5,2.5,0,27,26.9,26.9,0
Dec,19,2023,79,71,65,64,60.9,58,94,72.5,50,3,1.3,0,27,26.9,26.9,0
Dec,20,2023,77,71,65,65,63.9,62,96,79.4,63,6,2.8,0,27,26.9,26.9,0
Dec,21,2023,76,70.5,66,65,64.5,63,92,81.8,67,3,1.8,0,27,26.9,26.9,0
Dec,22,2023,83,72.8,66,66,63.5,61,90,74.3,51,3,1.4,0,27,26.9,26.9,0
Dec,23,2023,81,70.1,63,61,52.5,44,92,59.6,30,5,2.3,0,27,27,26.9,0
Dec,24,2023,84,73,61,65,60.6,57,90,68.1,43,5,3.3,2,27,27,26.9,0
Dec,26,2023,64,64,64,60,60,60,86,86,86,3,3,3,27,27,27,0
Dec,27,2023,82,71,62,60,56.9,52,88,64.3,41,6,3.3,0,27.1,27,26.9,0
Dec,28,2023,80,71.5,64,64,61.8,58,87,72.4,50,5,3.1,2,27,26.9,26.9,0
Dec,29,2023,78,70.3,66,64,62.3,59,92,76.5,56,5,2.9,0,27,27,26.9,0
Dec,30,2023,84,72.6,66,63,61.6,60,89,69.9,44,3,2.9,2,27,26.9,26.9,0
Dec,31,2023,79,71.4,64,62,60.4,58,90,69.9,50,5,2.4,0,27,26.9,26.9,0
Jan,1,2024,81,72.3,64,63,59.8,56,90,67.4,44,6,3.4,2,27,26.9,26.9,0
Jan,2,2024,81,71.9,66,63,59.9,54,87,68.6,42,6,3.7,2,26.9,26.9,26.9,0
Jan,3,2024,77,71.3,66,63,60.4,57,89,70.3,50,3,2.7,2,26.9,26.9,26.9,0
Jan,4,2024,77,71.8,67,65,63.3,60,87,75.5,60,3,2.6,2,26.9,26.9,26.9,0
Jan,5,2024,78,72.1,68,65,64.3,64,89,77.3,62,5,3.4,2,26.9,26.9,26.9,0
Jan,6,2024,83,72.3,67,66,64.8,64,93,78.1,55,3,2.5,2,26.9,26.9,26.8,0
Jan,7,2024,85,73.5,68,65,62.9,57,87,71.6,39,5,2.6,2,27,26.9,26.9,0
Jan,8,2024,73,69.6,68,70,66.6,65,95,89.6,82,5,3.1,1,27,26.9,26.9,0
Jan,9,2024,76,70.4,67,65,60.5,57,90,71.6,55,6,4.1,2,27,26.9,26.9,0.08
Jan,10,2024,80,71.4,66,63,59.4,54,89,68.1,43,5,3.3,0,27,26.9,26.9,0
Jan,11,2024,85,72.8,64,64,59.8,53,90,67.3,40,3,1.8,0,27,26.9,26.9,0
Jan,12,2024,82,71.8,63,63,59.3,55,87,67,42,5,3,0,27,26.9,26.9,0
Jan,13,2024,81,71.9,64,64,61.8,59,92,72.5,46,5,2,0,27,27,26.9,0
Jan,14,2024,84,73.4,66,63,60.9,57,89,68,44,5,2,0,27,26.9,26.9,0
Jan,15,2024,83,72.6,64,65,59.6,54,88,67.3,37,3,1.5,0,27,26.9,26.9,0
Jan,16,2024,82,72.1,65,64,60.9,56,89,70.3,41,3,1.6,0,26.9,26.9,26.8,0
Jan,17,2024,82,71.9,64,62,60,57,90,68.4,42,5,2.6,0,26.9,26.9,26.8,0
Jan,18,2024,82,72.4,64,63,59.6,55,90,67.1,39,3,1.3,0,26.9,26.9,26.8,0
Jan,19,2024,84,73.5,65,68,61.5,57,90,69,39,5,2.4,0,27,26.9,26.9,0
Jan,20,2024,83,73.6,65,64,60.9,56,92,66.9,42,3,2.4,2,27,26.9,26.9,0
Jan,21,2024,86,75,65,63,59.4,54,89,62.3,33,5,2.3,0,27,26.9,26.9,0
Jan,22,2024,86,75,67,64,59.6,55,90,62.3,35,5,2.1,0,27,27,26.9,0
Jan,23,2024,84,74.3,65,64,58.5,52,87,62.1,33,3,2.1,0,27,26.9,26.9,0
Jan,24,2024,84,65.1,0,65,61.3,57,90,57.4,0,12,3.4,0,27,26.9,26.9,0
Jan,25,2024,83,74.5,66,64,59.6,53,87,62.6,36,5,2.9,0,27,26.9,26.9,0
Jan,26,2024,82,72.9,65,63,57.5,50,90,62.6,34,6,3.6,2,27.1,27,27,0
Jan,27,2024,82,72.9,64,61,57.1,51,86,61.6,34,3,2.5,2,27.1,27,26.9,0
Jan,28,2024,80,71.8,64,62,58.6,53,89,65.8,41,5,3,2,27.1,27,26.9,0
Jan,29,2024,82,72.5,64,60,55.6,48,85,58.6,32,5,3.1,0,27,27,26.9,0
Jan,30,2024,85,73.4,63,62,55.3,44,90,58.3,24,3,2.1,0,27,26.9,26.9,0
Jan,31,2024,87,76.6,66,65,59.3,52,89,60.3,32,5,2,0,27,26.9,26.9,0
Feb,1,2024,86,67.6,0,67,59.8,55,91,50.4,0,21,4.3,0,27,26.9,26.9,0
Feb,2,2024,87,77.3,70,67,63.9,59,89,66.4,40,6,3.4,0,27,26.9,26.9,0
Feb,3,2024,85,76.4,69,71,65.4,62,96,71.1,46,5,2.8,2,27,27,26.9,0
Feb,4,2024,86,75.6,67,65,58.1,45,90,59.1,25,5,2.3,0,27.1,27,26.9,0
Feb,5,2024,88,76.3,67,65,56.8,49,89,55.9,26,5,3.1,2,27.1,27,26.9,0
Feb,6,2024,89,78.1,67,64,57.1,48,89,53.6,26,3,2.4,2,27,27,26.9,0
Feb,7,2024,91,78.1,64,63,54,47,96,49.9,21,2,1.1,0,27.1,27,26.9,0
Feb,8,2024,92,77.8,65,62,54.1,44,86,50.3,21,2,1,0,27,27,26.9,0
Feb,9,2024,88,77.3,67,68,58.1,44,93,58.6,24,3,2.1,2,27,27,26.9,0
Feb,10,2024,84,74.3,67,65,61,55,95,67.3,36,5,2.6,0,27.1,27,26.9,0
Feb,11,2024,86,74.9,67,67,60.6,54,91,65.5,35,7,3,2,27.1,27,27,0
Feb,12,2024,88,75.4,66,64,53.1,38,92,54.9,19,3,1.4,0,27,27,26.9,0
Feb,13,2024,86,74.9,65,66,60.1,55,90,64.4,35,3,2.5,2,27,27,26.9,0
Feb,14,2024,86,75.4,67,66,59.9,55,95,62.1,35,5,2.3,0,27,27,26.9,0
Feb,15,2024,86,74.6,64,62,55.1,47,92,56.9,26,3,1.6,0,27,27,26.9,0
Feb,16,2024,85,75,65,66,61,55,85,63.6,40,7,2.9,0,27,27,26.9,0
Feb,17,2024,88,76.6,67,64,54.4,46,87,52,24,3,1.9,0,27,26.9,26.9,0
Feb,18,2024,90,77.8,66,63,53.4,40,90,48.8,18,7,2.5,0,27,26.9,26.8,0
Feb,19,2024,90,78.1,67,63,49.8,33,77,45.3,14,2,1.3,0,27,26.9,26.9,0
Feb,20,2024,90,79.3,69,63,55,46,79,47.5,23,5,1.8,0,27,26.9,26.9,0
Feb,21,2024,89,80,72,64,60.9,55,75,53.6,32,3,1.8,0,26.9,26.9,26.8,0
Feb,22,2024,91,80.1,73,67,56.3,46,79,48.8,21,5,1.4,0,26.9,26.9,26.8,0
Feb,23,2024,91,81,72,66,56,50,71,45.9,25,5,0.9,0,26.9,26.9,26.8,0
Feb,24,2024,90,80.3,72,68,62,58,72,54.6,41,3,2,0,26.9,26.9,26.8,0
Feb,25,2024,88,78.3,70,65,61.4,59,84,57.6,39,9,4.1,2,26.9,26.9,26.8,0
Feb,26,2024,86,76.1,67,64,60.1,53,85,60.9,34,6,2.9,2,26.9,26.9,26.9,0
Feb,27,2024,86,75.6,68,65,61.3,56,87,64.3,39,5,2.6,2,27,26.9,26.9,0
Feb,28,2024,91,77.8,67,65,57.5,44,93,55.5,20,6,3.1,2,26.9,26.9,26.8,0
Feb,29,2024,91,79.7,67,64,53.4,48,78,44.4,23,28,5.7,0,27,26.9,26.9,0
Mar,1,2024,88,78,67,65,58.3,50,93,54.3,27,5,3.1,2,27,26.9,26.9,0
Mar,2,2024,90,78.5,68,63,57.8,53,79,52.3,33,6,2.8,0,27,26.9,26.9,0
Mar,3,2024,91,79.5,69,65,61.8,60,80,57.6,36,5,2.4,0,27,26.9,26.8,0
Mar,4,2024,93,81.1,70,66,64.6,63,82,59.9,37,5,2.3,0,26.9,26.9,26.8,0
Mar,5,2024,95,82.3,70,70,64.4,58,84,56.9,34,5,2.3,0,26.9,26.9,26.8,0
Mar,6,2024,93,81,72,78,63.1,53,75,56.9,27,5,2.3,0,27,26.9,26.8,0
Mar,7,2024,92,81.4,71,65,58.8,51,78,49,25,3,1.8,0,26.9,26.9,26.8,0
Mar,8,2024,92,82,72,63,59.6,53,72,48.4,29,3,1.5,0,26.9,26.9,26.8,0
Mar,9,2024,93,83.4,74,68,62.9,53,74,52.5,28,3,2.4,2,26.9,26.9,26.8,0
Mar,10,2024,91,81.6,74,69,63.1,57,78,55.1,35,3,2.3,0,27,26.9,26.9,0
Mar,11,2024,92,81.1,72,65,62.1,55,76,55.4,31,5,2.9,2,27,27,26.9,0
Mar,12,2024,92,81.6,71,65,61,54,79,51.3,36,3,2,0,27,26.9,26.9,0
Mar,13,2024,92,82.8,72,67,61.3,56,69,49.6,30,5,0.9,0,27,26.9,26.9,0
Mar,14,2024,92,83.3,76,71,64,59,85,55.3,33,5,1.6,0,27,26.9,26.8,0
Mar,15,2024,92,83.4,76,70,61.9,55,82,51.8,30,5,2.5,0,26.9,26.9,26.8,0
Mar,16,2024,91,82.3,76,66,61.6,55,66,50.4,33,3,1.9,0,26.9,26.9,26.8,0
Mar,17,2024,93,81.4,72,69,56.9,43,85,48.9,18,6,2.3,0,26.9,26.9,26.9,0
Mar,18,2024,92,81.6,73,64,57.4,53,71,45.8,26,3,2,0,27,26.9,26.8,0
Mar,19,2024,93,81.6,72,64,54.5,47,65,42.6,21,5,2.4,0,26.9,26.9,26.8,0
Mar,20,2024,92,81.5,72,66,57.8,51,81,48.3,26,6,2.8,0,26.9,26.9,26.8,0
Mar,21,2024,88,79.1,70,67,60.1,55,84,55.8,32,5,3.5,3,26.9,26.9,26.8,0
Mar,22,2024,90,80.5,71,67,60.1,53,81,53.6,30,6,3.5,2,26.9,26.8,26.8,0
Mar,23,2024,93,82.3,72,67,57.6,46,85,47.5,20,5,2.8,0,26.9,26.8,26.8,0
Mar,24,2024,95,82.8,72,61,53.5,44,65,40.3,17,6,3.5,0,26.9,26.9,26.8,0
Mar,25,2024,93,82.1,71,62,54.4,44,75,43.4,20,5,2.9,2,26.9,26.9,26.8,0
Mar,26,2024,94,82.3,72,61,53.6,46,67,41.5,20,7,2.8,0,27,26.9,26.9,0
Mar,27,2024,94,82.4,73,67,57.9,44,74,47.8,18,5,2.4,0,27,26.9,26.9,0
Mar,28,2024,95,83.6,73,69,58.6,43,86,47.9,18,5,2.3,0,27,26.9,26.8,0
Mar,29,2024,95,83.9,75,67,58,47,70,45,20,3,2.8,2,26.9,26.9,26.8,0
Mar,30,2024,95,83.3,74,67,56,42,66,43.8,17,3,1.6,0,27,26.9,26.9,0
Mar,31,2024,93,84.1,74,69,54,45,76,39.6,20,3,1.7,0,27,26.9,26.9,0
Apr,1,2024,93,83.6,76,69,60.8,47,81,50.3,21,3,2.1,0,26.9,26.9,26.8,0
Apr,2,2024,97,85.9,77,71,58.9,43,79,46.5,19,3,2.8,2,26.9,26.8,26.7,0
Apr,3,2024,95,85.3,77,71,59.8,50,79,46.8,22,5,2.6,2,26.9,26.9,26.8,0
Apr,4,2024,97,85.3,75,70,59.1,49,76,45.8,20,3,2.3,2,26.9,26.9,26.8,0
Apr,5,2024,99,87.3,77,68,55.1,44,72,38.3,15,4,2.3,2,26.9,26.8,26.8,0
Apr,6,2024,99,86.1,73,63,54.1,41,66,37.1,14,3,1.8,0,26.9,26.8,26.7,0
Apr,7,2024,97,86.1,77,69,53.9,40,78,38.4,14,3,2.3,2,26.9,26.8,26.7,0
Apr,8,2024,97,85.9,76,63,53.4,44,63,35.9,17,7,3.1,0,26.9,26.8,26.8,0
Apr,9,2024,93,83.5,73,64,57.4,53,58,42.6,25,3,2.3,2,26.9,26.9,26.8,0
Apr,10,2024,95,83.6,72,67,58.4,47,85,48.1,20,6,3.8,0,26.9,26.9,26.8,0
Apr,11,2024,95,84.3,72,67,58.5,48,85,47.5,20,3,2.1,0,26.9,26.9,26.8,0
Apr,12,2024,92,84,74,69,62.3,52,79,51.4,25,7,3.4,2,26.9,23,0,0
Apr,13,2024,93,74.1,0,68,62.3,54,67,41.9,0,35,6.1,0,26.9,26.9,26.8,0
Apr,14,2024,94,84.4,73,65,58.4,52,74,44.3,25,7,3.3,0,26.9,26.9,26.8,0
Apr,15,2024,95,84.1,73,67,57.9,47,75,45.4,20,3,2.5,2,26.9,26.9,26.8,0
Apr,16,2024,82,82,82,70,70,70,67,67,67,3,3,3,26.8,26.8,26.8,0
Apr,17,2024,95,86.9,78,75,66.9,60,87,54.8,31,2,1.5,0,26.8,26.8,26.7,0
Apr,18,2024,92,83.8,77,72,69.8,66,82,64.1,41,3,1.6,0,26.8,26.8,26.7,0
Apr,19,2024,96,86.9,77,71,63.9,52,81,49.9,23,3,2.1,0,26.8,26.8,26.7,0
Apr,20,2024,97,86.9,78,73,64.3,48,85,51.1,20,3,1.6,0,26.9,26.8,26.7,0
Apr,21,2024,98,87,79,73,57.3,42,77,43,15,3,1.4,0,26.8,26.8,26.7,0
Apr,22,2024,97,85.4,76,66,53.8,47,62,36.8,19,3,1.8,0,26.9,26.8,26.7,0
Apr,23,2024,98,86.8,77,69,60.1,48,72,45.3,18,3,1.1,0,26.8,26.8,26.7,0
Apr,24,2024,98,87,77,72,57.5,47,81,42,18,6,3.4,0,26.8,26.8,26.7,0
Apr,25,2024,98,86.8,76,69,56.3,44,63,40,16,3,1.8,0,26.8,26.8,26.7,0
Apr,26,2024,100,87.6,76,66,56.8,44,67,40.5,15,3,1.6,0,26.9,26.8,26.7,0
Apr,27,2024,98,87.8,79,69,59.5,50,70,42.5,20,3,1.4,0,26.9,26.8,26.8,0
Apr,28,2024,99,90,78,66,59.1,51,65,38,22,3,1.7,0,26.9,26.8,26.7,0
Apr,29,2024,98,87.8,79,69,59.5,50,70,42.5,20,3,1.4,0,26.9,26.8,26.8,0
Apr,30,2024,99,90,78,66,59.1,51,65,38,22,3,1.7,0,26.9,26.8,26.7,0
May,1,2024,98,87.4,78,73,65.5,56,82,52.1,25,3,2.3,2,26.8,26.8,26.7,0
May,2,2024,99,88,77,74,68.5,57,82,56.1,25,3,1.9,0,26.8,26.8,26.7,0
May,3,2024,92,82,76,77,73.5,69,89,76.1,61,6,2.8,0,26.8,26.8,26.8,0
May,4,2024,96,85,75,73,63.5,47,81,54.1,19,6,3.4,2,26.9,26.8,26.7,0.67
May,5,2024,97,86.5,77,73,61.5,44,85,48.5,17,6,2,0,26.8,26.8,26.7,0
May,6,2024,95,81.3,70,72,68.6,66,89,69.6,38,7,3.8,0,26.9,26.8,26.7,0
May,7,2024,91,82.3,71,71,65,61,77,57.6,39,3,2.1,0,26.9,26.8,26.8,0.77
May,8,2024,92,79.6,72,72,67.1,62,89,68.3,37,3,1.8,0,26.9,26.8,26.8,0
May,9,2024,90,82,74,72,65,60,87,59,36,5,1.2,0,26.8,26.8,26.7,0.71
May,10,2024,88,81,74,70,67.3,65,88,63.8,49,5,2.7,0,26.9,26.8,26.8,0.04
May,11,2024,89,81.3,72,69,67.1,63,89,63.8,42,3,1.8,0,26.9,26.9,26.8,0.06
May,12,2024,92,79.9,70,70,68.1,65,93,69,45,2,1,0,26.9,26.8,26.8,0
May,13,2024,86,77.6,69,72,68.5,64,96,75.6,49,3,1.4,0,26.9,26.8,26.8,0.55
May,14,2024,86,78.4,69,71,67.4,64,96,71.1,47,3,1.8,0,26.9,26.8,26.8,1.02
May,15,2024,87,80.6,74,70,67.1,61,86,65.3,42,3,1.4,0,26.9,26.8,26.8,0
May,16,2024,85,79.4,76,71,69.1,65,85,71.9,50,3,1.9,0,26.9,26.8,26.7,0
May,17,2024,82,76.1,72,71,69.3,68,93,78.9,62,3,0.9,0,26.9,26.8,26.8,0.75
May,18,2024,83,77,72,71,69.3,68,93,78.3,61,3,0.6,0,26.8,26.8,26.7,0
May,19,2024,82,75.3,72,73,70.5,69,95,86.1,74,3,0.6,0,26.8,26.7,26.6,1.19
May,20,2024,83,76.3,72,72,69.4,66,96,80.1,56,3,1.6,0,26.8,26.7,26.6,0.71
May,21,2024,86,78.3,72,71,68.4,62,91,74.4,44,2,1.3,0,26.8,26.7,26.6,0.08
May,22,2024,88,79.9,72,73,70.1,67,93,74,50,5,2.9,2,26.7,26.7,26.6,0
May,23,2024,90,81.6,74,74,70.5,67,93,70.4,48,5,1.8,0,26.7,26.6,26.6,0.01
May,24,2024,87,79.4,73,74,69.8,64,90,74,46,5,1.8,0,26.7,26.6,26.6,0
May,25,2024,84,77.1,72,71,66.3,60,95,71.3,49,5,3.1,0,26.7,26.7,26.6,0.04
May,26,2024,84,77.3,71,71,68.4,65,89,75,53,10,6,2,26.8,23.4,0,0
May,27,2024,87,79.5,73,70,68.8,65,88,70.4,49,8,5.3,3,26.8,26.7,26.7,0
May,28,2024,87,79.3,73,70,67.6,62,88,69,47,6,4,2,26.8,26.7,26.7,0
May,29,2024,88,80.1,73,71,67.9,64,88,68.6,45,7,4.1,2,26.8,26.7,26.7,0
May,30,2024,90,82.4,72,71,68.5,65,93,65.1,47,7,4.8,3,26.8,26.7,26.7,0
May,31,2024,94,85.3,75,71,67.9,65,87,58,39,6,2.1,0,26.8,26.8,26.7,0
Jun,1,2024,90,78.3,69,73,71,68,98,80.9,49,7,3.9,0,26.9,26.8,26.7,0
Jun,2,2024,88,75.8,70,69,68,66,95,79.3,53,5,3.5,2,26.9,26.8,26.7,1.18
Jun,3,2024,84,76.9,70,72,70,67,95,80.4,62,5,2.6,0,28.4,27,26.8,4.37
Jun,4,2024,87,79.1,72,72,69.6,67,95,74.3,52,5,3.1,2,26.9,26.8,26.8,0
Jun,5,2024,85,77.1,71,72,69.9,67,96,80,56,3,1.5,0,26.9,26.8,26.8,0.02
Jun,6,2024,83,75.8,72,72,69.5,68,95,82.3,61,5,2.5,0,26.9,26.8,26.8,0.24
Jun,7,2024,83,75.1,72,72,70.3,68,95,85.6,59,6,3.8,2,31.2,27.3,26.7,0.2
Jun,8,2024,82,76.3,71,71,68.8,66,91,77.6,58,7,5.6,3,26.8,26.8,26.7,0.57
Jun,9,2024,79,73.3,70,72,68.5,67,91,85.8,67,7,4.6,3,26.8,26.8,26.7,0
Jun,10,2024,80,75.5,71,72,67.6,64,91,76.5,63,7,4.6,0,26.9,26.8,26.8,0.35
Jun,11,2024,83,75.3,72,71,68.9,67,89,81.1,58,9,6.4,3,26.8,26.8,26.8,0.12
Jun,12,2024,83,75.9,71,69,66,61,91,72.3,56,6,4,2,26.9,26.8,26.8,0.12
Jun,13,2024,83,74.3,71,70,68.8,67,92,83.5,57,7,5,2,26.9,26.8,26.8,0
Jun,14,2024,83,76.9,71,69,67.5,64,95,74,53,7,4.8,0,26.8,26.8,26.7,0.16
Jun,15,2024,85,77.6,71,69,64.9,60,88,66.8,45,7,5.3,3,26.8,26.8,26.7,0
Jun,16,2024,85,77.9,70,71,68.4,66,91,73.8,53,7,4.1,2,26.8,26.8,26.7,0
Jun,17,2024,84,78.5,72,71,69.6,68,88,75,63,7,4.9,3,26.8,26.8,26.7,0
Jun,18,2024,85,77.3,72,71,67.5,64,95,73.4,50,7,5.3,3,26.9,26.8,26.7,0.08
Jun,19,2024,86,78,72,69,66.5,64,89,69.3,49,5,4,3,26.8,26.8,26.7,0.02
Jun,20,2024,86,75.5,72,69,67.5,66,86,77.5,51,9,5.1,3,26.8,26.8,26.7,0
Jun,21,2024,83,76.7,72,71,69,67,91,78.1,60,9,6.1,3,26.8,26.8,26.7,0.55
Jun,22,2024,81,75.3,70,70,67.8,66,93,78,61,7,4.7,3,26.8,26.7,26.6,0
Jun,23,2024,85,75.5,71,69,67.4,64,91,77.9,50,7,5.3,3,26.7,26.7,26.6,0
Jun,24,2024,81,76.1,71,69,67.4,64,91,75.4,57,12,6.9,3,26.7,26.7,26.6,0
Jun,25,2024,84,77.9,72,72,68.6,66,91,73.7,54,9,6.6,3,26.7,26.7,26.6,0
Jun,26,2024,81,75.1,71,70,68.6,66,93,81.4,61,10,8,7,26.8,26.7,26.7,0.01
Jun,27,2024,78,73.9,72,70,68.5,64,93,85,63,9,7,5,26.8,26.7,26.7,0
Jun,28,2024,84,75.5,72,72,70.3,69,93,84.5,61,9,6,3,26.8,26.8,26.7,0
Jun,29,2024,84,76.8,72,70,69.3,69,93,78.8,61,7,6.5,5,26.8,26.8,26.7,0.04
Jun,30,2024,80,75.1,72,73,71.1,70,95,87.1,73,7,6.1,5,26.8,26.8,26.8,0
Jul,1,2024,79,74.3,72,71,70.1,69,93,87.5,74,7,4.4,3,26.8,26.8,26.8,0.12
Jul,2,2024,82,76.3,72,70,67.9,66,91,76.4,60,10,5.8,3,26.8,26.8,26.7,0.08
Jul,3,2024,82,75.8,72,70,68.9,67,95,80.9,60,7,3.9,3,26.8,26.8,26.7,0
Jul,4,2024,82,75.8,71,69,67.3,63,91,75.1,60,9,6.9,6,26.8,26.8,26.8,0.12
Jul,5,2024,83,75.9,71,72,69.3,67,93,80.5,61,10,6.4,5,26.8,26.8,26.7,0
Jul,6,2024,81,75.1,70,70,68.3,66,95,80.1,61,10,7.8,5,26.8,26.7,26.7,0.07
Jul,7,2024,81,74.4,71,69,67.8,66,91,80.3,60,7,5,3,26.8,26.7,26.7,0
Jul,8,2024,77,71.4,69,67,65.4,63,89,81.6,63,9,6.1,5,26.8,26.7,26.7,0.12
Jul,9,2024,78,73.1,68,68,65.5,63,90,77.4,61,10,5.4,2,26.8,26.8,26.7,0.87
Jul,10,2024,85,66.4,0,72,67,64,91,66.1,0,90,15.4,3,26.9,26.8,26.8,0
Jul,11,2024,83,77.3,72,67,65.4,63,85,67.6,54,6,4,2,26.8,26.8,26.7,0
Jul,12,2024,86,74.6,69,69,65.9,62,89,76.1,49,7,4.5,2,26.8,26.8,26.7,0
Jul,13,2024,81,74.9,69,68,66.4,64,89,74.9,57,7,6,5,26.8,26.7,26.7,0.63
Jul,14,2024,77,72.9,69,69,65.9,62,89,78.9,59,7,5.5,3,26.7,26.7,26.7,0
Jul,15,2024,72,70.3,69,68,66.2,65,91,86.8,84,6,4.8,2,26.7,26.7,26.6,0.08
Jul,16,2024,76,71.9,69,68,66.4,64,93,83.4,76,9,5.3,2,26.8,26.7,26.7,0.35
Jul,17,2024,80,73.8,69,68,66.5,63,88,78.4,64,9,4.9,0,26.9,26.8,26.7,0.01
Jul,18,2024,76,71.4,69,69,66.9,65,93,86.8,76,9,6,3,26.8,26.7,26.7,0.01
Jul,19,2024,72,70,69,68,65.8,65,95,87.4,81,7,5.8,5,26.7,26.7,26.7,0.2
Jul,20,2024,79,72.9,68,67,65.4,64,89,77.6,64,12,6.6,3,26.8,26.7,26.7,0.12
Jul,21,2024,78,72.8,69,69,67.1,65,88,82,68,12,6.8,5,26.8,26.7,26.7,0
Jul,22,2024,77,73.1,68,69,66.5,65,100,79.9,66,9,6.9,5,26.8,26.8,26.8,0.21
Jul,23,2024,80,74,70,70,67.6,66,91,80.8,66,9,5.9,3,26.8,26.8,26.8,0.01
Jul,24,2024,75,71.6,69,69,67.4,65,93,86.5,75,6,5.3,3,26.8,23.4,0,0.04
Jul,25,2024,78,72.5,69,72,68.8,67,96,88.5,81,7,6.4,6,26.8,26.7,26.7,0.16
Jul,26,2024,79,73.4,69,70,68.5,67,91,85,71,6,5.4,3,26.8,26.7,26.7,0.02
Jul,27,2024,81,75,69,69,65.9,63,93,74,57,9,6.7,6,26.8,26.8,26.7,0.08
Jul,28,2024,77,73,70,70,68,65,88,83.8,76,9,6.5,5,26.7,26.7,26.6,0
Jul,29,2024,82,75.4,70,69,68.3,66,91,79.8,65,7,5.6,5,26.8,26.7,26.6,0
Jul,30,2024,78,71.9,70,69,67.8,67,95,87.5,71,12,7.5,5,26.8,26.8,26.7,0.04
Jul,31,2024,79,72.9,69,70,67.9,66,93,85,71,6,5.4,5,26.9,26.8,26.8,0.24
Aug,1,2024,78,73.3,69,71,68.3,66,95,84.6,73,7,5.1,3,26.8,26.8,26.8,1.1
Aug,2,2024,80,73.1,69,72,69.1,67,95,86.6,76,7,5.6,5,26.9,26.8,26.8,0.12
Aug,3,2024,79,73.6,69,70,68.1,66,95,83.6,75,6,5.8,5,26.9,26.8,26.8,0
Aug,4,2024,81,75.3,69,68,65.5,63,86,73.1,56,7,5.4,3,26.9,26.8,26.8,0
Aug,5,2024,83,74.6,70,71,67.6,64,93,80.5,56,6,4,0,26.9,26.8,26.8,0
Aug,6,2024,82,72.3,69,70,67.5,65,93,85.3,68,5,4.1,2,26.8,26.8,26.8,1.57
Aug,7,2024,77,72.9,69,69,67.1,66,93,82.6,74,5,3.1,2,26.9,26.8,26.8,0.07
Aug,8,2024,79,74.1,70,68,66.4,63,86,77.3,58,10,5.1,2,26.9,26.8,26.8,0.24
Aug,9,2024,81,75.9,70,70,66.3,64,86,73,55,5,3.6,3,26.9,26.8,26.8,0
Aug,10,2024,80,74.9,71,71,68.8,67,93,81.3,70,6,1.9,0,26.9,26.8,26.8,0.16
Aug,11,2024,86,78.4,72,69,67.3,66,89,69.4,51,5,2.6,0,26.8,26.8,26.7,0.02
Aug,12,2024,83,76.3,70,70,67.9,65,91,77,56,3,1.3,0,26.8,26.8,26.7,2.91
Aug,13,2024,84,78.9,74,72,60.4,0,85,64.6,0,3,2,0,26.8,26.8,26.7,0.03
Aug,14,2024,87,79.4,74,73,69.5,65,89,73.1,52,3,2,0,26.8,26.7,26.7,0
Aug,15,2024,84,78.6,75,73,71.4,67,90,78.8,57,3,1.5,0,26.8,26.7,26.7,0
Aug,16,2024,87,77.5,74,74,72,71,91,83.1,61,2,1.5,0,26.7,26.7,26.6,0
Aug,17,2024,83,78.4,74,73,69.4,65,91,74.6,54,3,1.4,0,26.8,26.7,26.7,0.51
Aug,18,2024,83,76,72,72,69.6,68,91,81.3,63,3,1.8,0,26.8,26.8,26.7,0
Aug,19,2024,86,76.5,72,73,70.3,68,90,82.9,56,3,1.3,0,26.8,26.7,26.7,0.02
Aug,20,2024,83,76.1,72,72,70,68,93,81.6,59,2,0.8,0,26.8,26.8,26.7,0.2
Aug,21,2024,81,75.4,71,71,67.3,65,93,77.6,60,7,4.6,2,26.8,26.8,26.7,0.79
Aug,22,2024,82,75.8,69,68,65.6,64,87,71.8,55,10,6,3,26.9,26.8,26.8,0.01
Aug,23,2024,83,77.1,72,69,66.5,65,86,71.4,55,9,5.4,2,26.9,26.8,26.8,0
Aug,24,2024,82,75.5,71,67,65.1,63,86,71.3,53,7,6.8,6,26.9,26.9,26.8,0
Aug,25,2024,80,74.3,70,67,65,61,89,75,55,9,6.6,5,26.9,26.8,26.8,0
Aug,26,2024,82,75.4,69,67,64.4,61,86,70.1,49,9,8.3,7,26.9,26.8,26.8,0
Aug,27,2024,81,75.1,71,66,64.6,62,84,71.3,54,9,5.5,3,26.9,26.8,26.8,0
Aug,28,2024,78,74,70,66,64.8,63,84,73,59,9,6,5,26.9,26.8,26.8,0
Aug,29,2024,78,71.8,69,69,66.4,65,89,83.4,73,9,5.5,3,26.8,26.8,26.7,0
Aug,30,2024,78,72.5,69,69,66.1,65,89,80.8,70,9,5.3,3,26.8,26.8,26.7,1.06
Aug,31,2024,77,73.3,70,68,66.6,65,85,79.4,72,5,4.4,3,26.8,26.8,26.7,0.28
Sep,1,2024,82,75,71,67,64.3,59,86,70.9,50,9,6.1,3,26.8,26.8,26.7,0
Sep,2,2024,80,75,71,67,66,64,88,74.4,58,9,5.6,3,26.8,26.8,26.7,0
Sep,3,2024,81,74.8,70,67,65.8,63,88,74,55,7,4.3,2,26.9,26.8,26.8,0
Sep,4,2024,82,75,71,68,65.8,62,85,74,50,9,4.9,2,26.9,26.8,26.8,0
Sep,5,2024,83,76.1,71,67,65.1,62,84,70.6,50,7,4.6,2,26.9,26.8,26.7,0
Sep,6,2024,79,74.7,71,67,64.4,62,88,70.1,56,7,4.4,2,26.8,26.8,26.8,0
Sep,7,2024,82,75,71,68,65.4,62,86,73.8,52,6,4.1,2,26.9,26.8,26.8,0
Sep,8,2024,80,74.5,70,69,65.4,62,86,74.9,54,7,5.5,2,26.9,26.8,26.8,0
Sep,9,2024,84,75.1,71,68,65.3,61,86,72.4,53,7,4.6,2,26.8,26.8,26.7,0
Sep,10,2024,82,74.1,69,68,64.1,58,88,73.3,44,7,5.5,3,26.8,26.8,26.7,0
Sep,11,2024,83,74.9,69,67,63.3,58,86,68.8,44,9,5,2,26.9,26.8,26.8,0.08
Sep,12,2024,83,76,69,66,63.3,60,86,66.5,45,6,3.9,3,26.9,26.8,26.8,0
Sep,13,2024,83,76.9,70,66,61.9,57,82,61.6,41,7,4.4,3,26.9,26.8,26.8,0
Sep,14,2024,85,76.8,71,67,62.9,58,86,64.9,42,7,4.8,2,26.9,26.8,26.8,0
Sep,15,2024,83,76.1,69,68,64.1,55,88,67.8,38,6,3.9,2,26.9,26.8,26.8,0
Sep,16,2024,84,76.9,69,67,64.9,63,86,67.1,49,7,5.1,2,26.9,26.8,26.8,0
Sep,17,2024,86,77.6,71,65,61.5,56,82,60,44,7,4.6,3,26.9,26.8,26.7,0
Sep,18,2024,86,76.9,68,65,61,57,80,59.8,39,6,3.1,0,26.8,26.8,26.7,0
Sep,19,2024,86,77.3,69,66,62.4,55,86,63.3,36,5,3.4,2,26.8,26.8,26.7,0
Sep,20,2024,87,78.1,70,66,62,57,88,59.9,39,6,3.4,3,26.8,26.8,26.7,0.08
Sep,21,2024,87,76.4,70,65,63.9,60,84,67,41,7,4.6,3,26.8,26.8,26.7,0
Sep,22,2024,81,75.1,68,70,66.9,63,86,76,59,5,3.5,0,26.8,26.8,26.7,0.08
Sep,23,2024,83,75.9,71,70,67.1,65,88,76,54,6,3.6,2,26.8,26.8,26.7,0.02
Sep,24,2024,81,75.8,71,70,68.1,66,90,77.9,60,7,4.3,2,26.8,26.7,26.7,0.09
Sep,25,2024,81,75,71,68,65.6,62,85,73.6,61,7,5,3,26.8,26.7,26.7,0
Sep,26,2024,81,75.4,70,67,66,65,88,73.6,61,6,4.3,2,26.8,26.8,26.7,0
Sep,27,2024,82,76,70,67,65.5,62,91,71.4,52,5,3.3,2,26.9,26.8,26.8,0
Sep,28,2024,82,76,69,73,67.5,63,95,76.3,53,3,2.6,2,26.9,26.8,26.8,0
Sep,29,2024,85,77.1,69,70,67.1,63,91,72.8,52,6,3,2,26.9,26.9,26.8,0.59
Sep,30,2024,85,79.6,72,70,66.9,61,86,66.1,53,5,2.4,0,26.9,26.9,26.8,0
Oct,1,2024,89,80,73,69,65.6,61,82,63.4,44,3,2.1,0,26.9,26.8,26.8,0
Oct,2,2024,90,78.5,69,70,66.5,59,93,70.1,44,5,3.1,2,26.9,26.8,26.8,0
Oct,3,2024,81,73,68,68,66.4,64,89,80.1,56,6,3.6,3,26.9,26.8,26.8,0.83
Oct,4,2024,83,75.6,71,71,68.5,67,86,78.5,65,3,2.5,2,26.9,26.8,26.8,0.31
Oct,5,2024,82,73.4,69,70,66.9,65,91,80.3,60,3,1.8,0,26.9,26.8,26.8,0
Oct,6,2024,83,76.3,69,69,66,62,85,72,50,3,1.6,0,26.9,26.8,26.8,0
Oct,7,2024,85,76.4,72,68,65.3,59,89,71.1,42,3,2.3,0,26.9,26.9,26.8,0
Oct,8,2024,84,77.3,71,72,68.3,65,89,74.4,56,3,2.8,2,26.9,26.9,26.8,0.02
Oct,9,2024,83,77.5,72,68,66.8,63,88,70.1,54,5,3,2,26.9,26.8,26.8,0
Oct,10,2024,83,76.9,72,70,67.4,62,89,73.1,52,5,2.8,0,26.8,26.8,26.7,0
Oct,11,2024,82,76.3,71,69,66.9,65,91,73.9,58,3,2.3,1,26.8,26.8,26.7,0.12
Oct,12,2024,81,75.3,71,71,68.5,64,88,79.6,64,5,2.5,0,26.9,26.8,26.8,0.01
Oct,13,2024,79,74.8,72,73,68.9,67,91,82.1,74,3,2.5,2,26.9,26.8,26.8,0.16
Oct,14,2024,77,72,69,68,66.3,65,93,83.3,66,3,1.3,0,26.9,26.8,26.8,0.13
Oct,15,2024,71,69.5,68,66,64.9,64,93,86.3,81,3,1.1,0,26.9,26.8,26.8,0.63
Oct,16,2024,71,70,68,70,68.3,66,96,94.6,91,2,1.3,0,28.6,27,26.8,2.6
Oct,17,2024,79,73.8,70,70,67.5,63,96,81.6,59,7,2.6,0,26.9,26.8,26.8,0.21
Oct,18,2024,81,75.6,69,71,68.3,64,95,78.6,57,7,3,0,26.9,26.8,26.8,0
Oct,19,2024,78,72.8,71,71,68.9,67,96,87.4,76,5,2,0,26.9,26.9,26.8,0.03
Oct,20,2024,82,74.6,71,72,69.8,68,93,85.1,64,3,1.6,0,26.9,26.9,26.8,0.8
Oct,21,2024,82,74.5,71,72,68.8,64,96,83.8,55,3,1.3,0,26.9,26.9,26.8,2.44
Oct,22,2024,82,74.4,70,70,67,64,89,79.7,54,2,0.7,0,26.9,26.9,26.8,0.67
Oct,23,2024,84,73.9,69,70,67.1,63,98,81.9,49,2,1,0,26.9,26.9,26.8,0.93
Oct,24,2024,77,72.6,69,72,68.8,67,98,88.6,72,3,1.1,0,26.9,26.9,26.8,0
Oct,25,2024,82,75.1,70,69,65.6,60,96,74.5,47,3,0.6,0,26.9,26.9,26.8,0
Oct,26,2024,81,74.1,68,68,64,62,89,71.6,53,3,1.4,0,26.9,26.8,26.8,0
Oct,27,2024,80,73.9,68,65,63.4,60,87,70.3,53,2,1.5,0,26.9,26.8,26.8,0
Oct,28,2024,85,76.4,69,79,67.6,63,88,75.5,51,5,2.3,0,26.9,26.8,26.8,0
Oct,29,2024,83,77.5,70,69,65.6,61,91,68,47,3,1.5,0,26.9,26.8,26.8,0
Oct,30,2024,81,75.4,73,74,68.9,67,96,80.6,67,2,0.5,0,26.9,26.9,26.8,0
Oct,31,2024,81,75.4,72,71,68.3,66,93,78.7,64,2,0.3,0,26.9,23,0,0.15
Nov,1,2024,83,75.8,71,70,67.9,66,89,77.3,55,2,1.5,0,26.9,26.9,26.9,0
Nov,2,2024,83,76.8,71,70,66.8,61,93,72.5,50,5,2.1,0,26.9,26.9,26.9,0.01
Nov,3,2024,81,76.7,72,67,64.8,61,86,68.5,51,5,2.5,0,26.9,26.9,26.8,0.04
Nov,4,2024,82,74.5,70,67,65.3,62,91,74.6,50,3,2.4,2,26.9,26.9,26.8,0
Nov,5,2024,80,73.8,69,66,61.4,58,87,66.8,47,3,1.3,0,26.9,24.3,6.2,0.03
Nov,6,2024,82,75.6,67,66,61.1,57,87,62,43,3,2,0,26.9,26.9,26.8,0
Nov,7,2024,79,74.3,70,68,66.1,63,89,76.6,58,3,2.3,2,26.9,26.9,26.9,0
Nov,8,2024,85,76.4,68,67,62.4,55,89,64.5,39,3,2,0,26.9,26.9,26.8,0
Nov,9,2024,83,75.8,69,67,60.6,56,87,61.9,40,2,1.8,0,26.9,26.9,26.8,0
Nov,10,2024,83,75.6,68,67,61.4,55,89,64.1,39,3,1.4,0,26.9,26.9,26.8,0
Nov,11,2024,82,75.4,69,67,64,60,86,68.5,46,5,1.8,0,26.9,26.9,26.8,0
Nov,12,2024,77,73.6,71,72,68.9,64,90,85,75,3,1.8,0,26.9,26.8,26.8,0
Nov,13,2024,79,74.4,70,72,68.8,68,95,83.1,70,3,1.9,0,26.9,26.8,26.8,0.03
Nov,14,2024,74,72.3,71,71,68.9,68,95,89.5,86,3,1.6,0,26.9,26.9,26.8,0
Nov,15,2024,81,73.5,69,70,68.8,67,93,85.6,67,2,0.8,0,26.9,26.9,26.8,0.16
Nov,16,2024,81,74,69,70,68.1,67,91,82.4,61,3,1.6,0,26.9,26.9,26.8,0.43
Nov,17,2024,81,74.8,71,69,67.3,64,88,78.3,58,2,1.8,0,26.9,26.9,26.8,0.12
Nov,18,2024,79,74.1,71,69,66.1,61,89,77.9,57,3,2,0,26.9,26.9,26.8,0
Nov,19,2024,81,74,68,67,63.6,59,91,71.7,47,3,1.7,0,26.9,26.9,26.8,0
Nov,20,2024,80,72.4,67,66,64,61,95,77.3,53,3,1.9,0,26.9,26.9,26.8,0
Nov,21,2024,80,72.3,66,65,63.3,61,92,74.5,53,2,0.5,0,26.9,26.9,26.9,0
Nov,22,2024,83,73.6,67,67,62.3,56,89,70.5,39,3,2.1,2,26.9,26.9,26.8,0
Nov,23,2024,82,73.6,67,68,63.9,60,89,73.4,46,3,1.3,0,27,26.9,26.8,0
Nov,24,2024,83,74.1,68,67,63.3,57,90,72,41,2,0.5,0,26.9,26.9,26.9,0
Nov,25,2024,81,73,67,68,63.1,59,89,73.4,46,2,1.3,0,26.9,26.9,26.8,0
Nov,26,2024,74,69.4,66,66,64.6,63,90,84.8,74,3,2.1,2,26.9,26.9,26.8,0
Nov,27,2024,75,70.1,66,65,63.4,62,90,79.3,69,2,1.8,0,26.9,26.8,26.8,0.02
Nov,28,2024,80,71.3,65,62,56,50,89,60.6,40,3,1.8,0,26.9,26.8,26.8,0
Nov,29,2024,81,72.8,68,67,64.6,60,89,76.5,61,3,1.9,0,26.9,26.8,26.8,0
Nov,30,2024,72,70.9,69,68,67.3,66,91,88.6,86,2,2,2,26.8,26.8,26.7,0
Dec,1,2024,72,69.5,68,68,65.9,65,91,87.6,86,5,3.1,2,26.8,26.7,26.7,0.17
Dec,2,2024,71,70.3,68,69,67.8,65,95,91.5,89,5,2.8,2,26.8,26.7,26.7,0.74
Dec,3,2024,73,71.6,69,70,68.3,66,93,88.6,86,3,2.5,2,26.9,26.8,26.8,1.57
Dec,4,2024,78,73.4,68,71,66,62,91,79.1,57,3,1.6,0,26.9,23.5,0,0.83
Dec,5,2024,81,73.6,69,73,67.9,66,91,82.8,60,5,1.9,0,26.9,26.9,26.8,0.1
Dec,6,2024,82,66.4,0,69,65.5,63,88,62.8,0,21,4.3,0,26.9,26.9,26.8,0.08
Dec,7,2024,83,56.4,0,70,67.5,63,94,59,0,35,5.8,0,26.9,26.8,26.6,0
Dec,8,2024,85,75.4,69,68,63.1,57,89,68.8,41,3,2,0,26.9,26.9,26.8,0
Dec,9,2024,82,74.8,68,67,63.3,57,89,69.8,42,3,1.6,0,26.9,26.9,26.8,0
Dec,10,2024,83,74.8,70,67,62.6,60,88,67.6,45,3,2.1,0,26.9,26.9,26.8,0
Dec,11,2024,78,73.4,70,68,64.1,60,88,74.6,56,3,2.1,2,26.9,26.9,26.8,0
Dec,12,2024,71,69.9,68,67,66.5,66,91,89.1,86,5,2.3,0,26.9,26.9,26.8,0
Dec,13,2024,73,70.4,68,67,65.4,65,90,85,77,3,1.9,0,26.9,26.9,26.8,0.2
Dec,14,2024,79,71.6,66,65,63.5,61,87,76.9,60,2,2,2,26.9,26.9,26.9,0.02
Dec,15,2024,78,70.1,64,62,58.6,55,90,69,45,3,2.1,2,27,26.9,26.9,0
Dec,16,2024,81,69.9,63,61,56.5,50,90,65.9,35,3,1.6,0,26.9,26.9,26.9,0
Dec,17,2024,82,72,63,66,63,60,90,74.4,54,2,1.3,0,26.9,26.9,26.8,0
Dec,18,2024,78,73.1,67,68,66.6,63,88,80.5,68,3,1.9,0,26.9,26.8,26.8,0
Dec,19,2024,79,74.4,69,70,66.9,64,88,78.3,62,3,1.6,0,26.9,26.8,26.8,0
Dec,20,2024,79,73.4,69,69,66.3,61,88,79.6,57,2,1.1,0,26.9,26.8,26.8,0
Dec,21,2024,85,75.8,68,69,64.5,59,87,69.9,42,3,1.3,0,26.9,26.9,26.8,0
Dec,22,2024,81,74.3,71,67,64.9,61,88,74.1,50,3,1.6,0,26.9,26.9,26.8,0
Dec,23,2024,79,73.8,68,66,64.5,61,93,74.8,57,2,1,0,26.9,26.9,26.8,0
Dec,24,2024,81,73,67,67,62,56,89,70.5,44,2,1,0,26.9,26.9,26.8,0
Dec,25,2024,79,72.1,66,67,63.8,61,89,75.6,57,2,1,0,26.9,26.9,26.9,0
Dec,26,2024,76,71,68,69,66.5,64,91,85.3,77,3,2.1,0,27,26.9,26.9,0
Dec,27,2024,75,70.4,67,69,66.1,64,89,86.4,77,3,2.4,2,27,27,26.9,0.04
Dec,28,2024,79,71.8,67,65,62.8,59,89,74.5,50,5,2.9,2,27,27,26.9,0.05
Dec,29,2024,81,72.4,66,64,60.3,51,87,68.8,34,2,1.8,0,27,26.9,26.9,0
Dec,30,2024,78,71.3,65,66,63,60,87,75.5,59,5,2.1,0,27,27,26.9,0
Dec,31,2024,83,74.1,63,66,60,56,88,63.9,41,5,3,0,27,27,26.9,0
Jan,1,2025,80,71.5,65,63,59.3,52,90,68.3,38,3,2.4,2,27,26.9,26.9,0
Jan,2,2025,81,71.3,63,63,58.1,52,90,66.3,36,3,2.6,2,26.9,26.9,26.9,0
Jan,3,2025,81,70.3,63,61,57.5,53,89,67.4,40,3,2.6,2,27,26.9,26.9,0
Jan,4,2025,80,68.6,60,62,56.6,52,91,68.5,38,3,2.4,0,26.9,26.9,26.8,0
Jan,5,2025,80,69.6,61,61,56.6,50,90,67.5,35,3,2.4,2,27,26.9,26.9,0
Jan,6,2025,81,70.7,62,60,56.3,50,90,64,38,3,2,0,26.9,26.9,26.8,0
Jan,7,2025,80,70.4,62,62,57.6,50,90,67.3,35,3,1.4,0,26.9,26.9,26.8,0
Jan,8,2025,82,71,63,62,55.6,49,90,63.8,31,6,2.3,0,26.9,26.9,26.8,0
Jan,9,2025,78,69.4,61,64,59.9,57,90,73.6,48,5,3.4,2,27,26.9,26.9,0
Jan,10,2025,77,70.3,64,65,62,59,92,76,59,5,3.3,2,27,26.9,26.9,0
Jan,11,2025,75,70.4,67,65,63.4,62,90,79.1,64,3,2.9,2,27,26.9,26.9,0
Jan,12,2025,83,72.8,64,67,62.6,59,91,73.3,44,5,2.8,2,27,26.9,26.9,0
Jan,13,2025,78,72.3,68,67,65.3,63,91,79.3,60,3,2.4,2,26.9,26.9,26.9,0
Jan,14,2025,79,71.3,64,65,62.9,60,89,75.9,55,5,2.9,2,27,26.9,26.9,0
Jan,15,2025,74,69.6,63,64,60.5,58,90,73.8,58,5,2.8,2,27,26.9,26.9,0
Jan,16,2025,79,70.5,63,66,60,54,91,71.9,45,5,2.9,2,27,26.9,26.9,0
Jan,17,2025,76,69.1,64,62,60.9,56,92,76.4,50,3,2.8,2,26.9,26.9,26.9,0
Jan,18,2025,80,71.3,63,62,60,58,92,69,48,3,2.3,0,26.9,26.9,26.9,0
Jan,19,2025,69,67.5,65,67,64.6,62,93,89.8,85,3,2.3,0,27,26.9,26.9,0.12
Jan,20,2025,81,71.6,65,64,58.8,52,92,67.5,38,2,1.3,0,26.9,26.9,26.8,0.08
Jan,21,2025,81,70.1,63,63,57,50,90,67.3,34,3,1.6,0,26.9,26.9,26.8,0
Jan,22,2025,83,71.5,60,66,61.1,52,91,71.9,51,3,1.9,0,26.9,26.9,26.8,0
Jan,23,2025,83,72.8,65,65,62.1,54,92,71.8,39,3,2.3,0,26.9,26.9,26.8,0
Jan,24,2025,82,71,64,64,59.8,55,92,70.3,42,3,2.3,2,26.9,26.9,26.8,0
Jan,25,2025,85,71.1,62,64,57.5,50,92,66.6,33,3,2.4,2,26.9,26.9,26.8,0
Jan,26,2025,86,72.9,62,64,53.1,43,92,57.5,22,3,2.1,0,26.9,26.9,26.8,0
Jan,27,2025,84,72.3,63,64,58.9,52,92,66.5,33,3,2.1,0,26.9,26.9,26.8,0
Jan,28,2025,84,72.1,63,65,59.1,54,92,67.1,35,3,1.8,0,26.9,26.9,26.8,0
Jan,29,2025,87,73.9,64,66,60.3,50,92,67.3,28,3,2.5,2,26.9,26.9,26.8,0
Jan,30,2025,82,72.9,65,65,62.4,59,92,71.4,46,3,2.4,2,26.9,26.9,26.8,0
Jan,31,2025,87,77.4,68,68,65.7,62,87,69.1,43,3,2.4,2,26.9,26.9,26.8,0
Feb,1,2025,87,76.5,69,68,63.5,55,89,67.9,36,3,1.5,0,26.9,26.9,26.8,0
Feb,2,2025,89,75.8,67,64,57.9,50,89,58.5,27,3,2.1,0,26.9,26.9,26.8,0
Feb,3,2025,88,75.7,64,64,57.3,50,92,58.1,27,3,1.7,0,26.9,26.9,26.9,0
Feb,4,2025,88,74.8,61,62,56,51,90,56.4,33,3,2,0,27,26.9,26.9,0
Feb,5,2025,87,75,64,62,59.4,55,86,61,35,5,2.9,2,26.9,26.9,26.8,0
Feb,6,2025,86,74.4,64,61,56.6,46,85,57.1,29,3,1.9,0,26.9,26.9,26.8,0
Feb,7,2025,87,75.1,63,62,57,49,86,57.5,29,5,2.4,0,27,26.9,26.9,0
Feb,8,2025,86,74.9,64,67,62.5,59,89,67.9,43,3,1.6,0,27,26.9,26.9,0
Feb,9,2025,85,75,66,66,62.6,58,87,67.5,44,5,2.6,0,26.9,26.9,26.8,0
Feb,10,2025,84,74.4,66,65,62,59,89,67.1,43,3,2.4,2,27,26.9,26.9,0
Feb,11,2025,87,75.1,65,63,54.3,41,92,55.9,20,3,2.4,0,27,26.9,26.9,0
Feb,12,2025,90,76.4,63,62,50.5,30,88,49.9,13,3,1.8,0,27,26.9,26.9,0
Feb,13,2025,90,77.4,65,63,57.6,52,79,53.6,29,5,2,0,27,26.9,26.9,0
Feb,14,2025,90,77.9,66,64,58.5,53,80,55.4,30,5,2.8,0,27,26.9,26.8,0
Feb,15,2025,90,77.6,66,62,59,55,80,56.4,30,3,1.9,0,26.9,26.9,26.8,0
Feb,16,2025,90,77.5,68,65,60.1,53,81,59.4,31,3,2.3,0,26.9,26.9,26.8,0
Feb,17,2025,89,78,67,66,60.3,53,87,58.9,32,5,2.3,0,27,26.9,26.9,0
Feb,18,2025,89,77.3,67,64,59.4,53,80,57.1,29,3,1.5,0,27,26.9,26.9,0
Feb,19,2025,92,79.5,67,65,58.4,51,80,53,25,3,2,0,26.9,26.9,26.8,0
Feb,20,2025,90,78.3,68,66,61,56,82,58.6,33,4,2.6,0,26.9,26.9,26.9,0
Feb,21,2025,90,78.6,68,65,60.6,55,82,57.3,34,5,2.4,0,27,26.9,26.9,0
Feb,22,2025,90,78.8,70,65,60.8,54,82,58.3,31,3,2.5,2,27,26.9,26.9,0
Feb,23,2025,89,78.9,69,64,57.8,43,84,53.3,22,5,2.5,0,27,26.9,26.9,0
Feb,24,2025,88,77.4,68,65,58,49,87,56.9,29,5,3,2,27,27,26.9,0
Feb,25,2025,88,76.6,66,62,59.8,56,87,58.4,34,7,4.4,2,27,27,26.9,0
Feb,26,2025,88,76.9,69,63,60.4,58,80,58.6,36,6,4.4,3,27,27,26.9,0
Feb,27,2025,88,76.8,67,63,56.6,50,76,53.6,27,6,3.5,2,27,26.9,26.8,0
Feb,28,2025,89,78.4,67,64,59.7,56,76,55.4,34,7,3.1,2,27,26.9,26.8,0
Mar,1,2025,86,77.9,68,67,64.4,62,90,65,44,5,3.3,2,26.9,26.9,26.8,0
Mar,2,2025,89,79,71,68,64,59,77,61.9,38,5,2.6,2,26.9,26.9,26.8,0
Mar,3,2025,90,80.4,72,68,58.5,42,83,53.6,19,3,2.4,0,26.9,26.9,26.8,0
Mar,4,2025,90,80.4,72,65,57.4,50,78,50.9,25,3,1.6,0,26.9,26.9,26.8,0
Mar,5,2025,91,80.5,70,67,59,52,77,51.8,27,3,1.9,0,26.9,26.9,26.8,0
Mar,6,2025,90,80.3,72,65,60.5,55,79,53.5,35,3,1.9,0,26.9,26.9,26.8,0
Mar,7,2025,93,80.1,70,61,51.6,40,74,41.9,17,3,1.6,0,26.9,26.9,26.8,0
Mar,8,2025,91,79.6,69,67,58.6,49,74,52.9,23,3,1.5,0,26.9,26.8,26.7,0
Mar,9,2025,92,79.4,69,67,58.5,47,82,55.3,21,6,3.4,0,26.9,26.8,26.8,0
Mar,10,2025,86,76.3,66,66,61,55,82,62,35,6,4,2,26.9,26.9,26.8,0
Mar,11,2025,88,76.6,68,71,66.5,62,89,72.6,49,5,3.5,2,26.9,26.9,26.9,0
Mar,12,2025,89,77.9,70,75,68.1,65,88,73.6,49,6,4,2,26.9,26.9,26.8,0
Mar,13,2025,93,81,69,70,61.1,46,89,57.6,21,3,1.6,0,26.9,26.9,26.8,0
Mar,14,2025,95,81.8,70,70,59.8,47,81,53.8,21,3,1.5,0,26.9,23.5,0,0
Mar,15,2025,93,80.6,68,67,54.6,42,83,48.1,18,5,2,0,26.9,26.9,26.8,0
Mar,16,2025,92,81.1,69,69,65.1,59,84,61.1,35,5,2,0,26.9,26.9,26.8,0
Mar,17,2025,94,82.9,75,75,67.3,59,79,61.9,33,3,1.9,0,26.9,26.9,26.8,0
Mar,18,2025,94,82.4,73,70,64.9,52,81,59.8,27,3,2.1,0,26.9,26.9,26.8,0
Mar,19,2025,92,81,73,70,66.3,58,80,64.1,37,6,3.6,2,27,26.9,26.9,0
Mar,20,2025,92,81,72,68,62.8,53,79,57.3,30,7,3.4,2,27,26.9,26.9,0
Mar,21,2025,89,80.6,72,73,66.6,60,83,65,40,3,2.5,2,27,26.9,26.9,0
Mar,22,2025,91,76.1,68,73,67.9,65,91,77.8,46,3,2.5,2,27,26.9,26.9,0
Mar,23,2025,86,77.6,68,70,68.1,65,90,73.8,59,6,2.3,0,27,26.9,26.9,0.46
Mar,24,2025,89,80,73,71,65.8,59,85,64.4,36,6,2.5,0,27,26.9,26.8,0
Mar,25,2025,90,80.5,71,69,64,56,93,61,34,5,1.4,0,26.9,26.8,26.8,0
Mar,26,2025,90,81.6,74,68,61.4,54,80,53.3,30,5,2.9,0,26.9,26.8,26.7,0
Mar,27,2025,90,81.6,74,68,64.9,60,79,58.6,39,3,1.3,0,26.9,26.8,26.7,0
Mar,28,2025,91,82.4,75,72,62.8,57,79,53.3,33,6,3.3,2,26.9,26.8,26.7,0
Mar,29,2025,93,82.8,73,68,56.4,46,71,44.1,21,5,2.4,0,26.9,26.8,26.7,0
Mar,30,2025,93,81.5,72,65,52,45,64,39,21,5,2.5,2,26.9,26.8,26.8,0
Mar,31,2025,91,82.9,71,69,56.1,51,75,42.9,27,3,1.6,0,26.9,26.8,26.8,0
Apr,1,2025,89,77.8,71,72,65,57,88,67.3,38,5,3.1,2,26.9,26.8,26.7,0
Apr,2,2025,91,82.3,71,70,66.8,64,86,61.5,45,5,3,2,26.9,26.8,26.8,0
Apr,3,2025,82,74.5,72,72,68.5,66,91,82.3,71,3,1.6,0,26.9,26.9,26.8,0
Apr,4,2025,90,78,72,69,67.1,64,83,71.4,43,7,2.8,0,26.9,26.9,26.8,0.17
Apr,5,2025,90,81.1,72,70,66.9,62,87,64.5,39,6,2.4,0,26.9,23.5,0,0
Apr,6,2025,90,82.1,75,74,67.8,61,87,63.9,39,5,2.4,0,26.9,26.8,26.8,0
Apr,7,2025,93,83.1,74,71,64.9,56,88,58.6,30,3,1.3,0,26.9,26.8,26.8,0
Apr,8,2025,93,82.9,73,71,64.1,54,83,57.1,28,3,1.6,0,26.9,26.9,26.8,0
Apr,9,2025,92,82.8,72,70,63.5,55,85,55.4,30,3,1.4,0,26.9,26.8,26.8,0
Apr,10,2025,90,81.9,74,73,69,66,82,66.4,45,5,3.3,3,26.9,26.8,26.7,0
Apr,11,2025,89,79.3,73,76,68.1,63,82,70.4,45,5,3.1,2,26.9,26.8,26.7,0
Apr,12,2025,91,69.5,0,73,67.4,65,91,60.8,0,21,5,2,26.9,26.8,26.7,0.03
Apr,13,2025,91,80.3,70,67,63.3,60,86,58.9,36,3,2,0,26.9,26.8,26.8,0.16
Apr,14,2025,91,66.6,0,73,67.8,64,85,65.8,0,12,3.1,0,26.9,26.8,26.8,0
Apr,15,2025,90,80,70,74,66,60,85,65.3,40,5,2.5,1,32.2,27.5,26.8,0.24
Apr,16,2025,90,75.4,69,73,67.1,64,86,76.4,47,7,2.6,2,26.9,26.8,26.8,0.23
Apr,17,2025,90,80.5,69,73,69.6,64,82,70.6,49,3,1.8,0,26.9,26.8,26.7,0.35
Apr,18,2025,88,79.1,75,75,71.3,69,81,77,61,5,2.8,0,26.9,26.8,26.8,0
Apr,19,2025,88,80.8,74,70,60.3,0,82,60.9,0,3,1.6,0,26.9,26.8,26.7,0.02
Apr,20,2025,91,78.8,72,75,70,66,83,75.9,47,3,2.3,0,26.9,26.8,26.8,0
Apr,21,2025,91,81,70,69,65.5,58,84,61.5,35,3,1,0,26.9,26.9,26.8,0.04
Apr,22,2025,91,82.9,72,71,63.6,54,81,55.4,29,3,1.8,0,26.9,26.9,26.8,0
Apr,23,2025,94,83.1,76,72,64.9,54,80,57.6,30,3,2.1,0,26.9,26.8,26.7,0
Apr,24,2025,95,84,76,71,65.9,55,85,58.5,29,3,1.9,0,26.9,26.8,26.7,0
Apr,25,2025,93,83.3,77,74,66.6,56,82,59.6,30,3,2,0,26.9,26.8,26.7,0
Apr,26,2025,91,83.3,78,72,68.1,62,82,61.9,42,3,2.6,2,26.9,26.8,26.8,0
Apr,27,2025,90,72.1,0,73,65.1,53,81,51.9,0,110,16,1,26.9,26.8,26.7,0
Apr,28,2025,92,82.5,74,75,68.8,62,83,64.8,42,5,1.9,0,26.9,26.8,26.7,0
Apr,29,2025,91,83.6,76,75,67.9,61,81,60.9,39,3,1.8,0,26.8,26.8,26.7,0
Apr,30,2025,92,80.4,74,71,68.7,68,82,68.7,46,2,1.4,0,26.9,26.8,26.7,0
May,1,2025,91,78.1,70,70,66.1,64,83,68.4,43,3,2.4,2,28.1,27,26.8,0.28
May,2,2025,90,76.4,69,75,68.3,62,84,76.3,52,6,3.3,2,26.9,26.8,26.7,0.79
May,3,2025,88,79.6,69,71,58.9,0,82,57,0,3,1.5,0,26.9,26.8,26.8,0.28
May,4,2025,90,80,73,70,67.6,65,88,67.9,48,3,2.1,0,26.9,26.8,26.7,0
May,5,2025,88,81,73,72,69.3,67,80,68.3,49,3,2,0,26.8,26.8,26.7,0
May,6,2025,93,82.4,73,70,63.6,55,83,56.6,30,3,1.9,0,26.9,26.8,26.7,0
May,7,2025,90,82,76,71,66.1,61,82,60.6,40,3,2.1,0,26.8,26.8,26.7,0
May,8,2025,89,81.1,74,69,65,63,85,59.5,42,3,2.4,2,26.9,26.8,26.8,0
May,9,2025,89,80.9,74,65,64.1,63,72,57.5,44,3,2,0,26.9,26.8,26.8,0
May,10,2025,90,81.6,75,69,66.8,63,74,61.8,42,3,2.4,2,26.9,26.8,26.8,0
May,11,2025,91,81.3,74,71,67.8,65,84,64.5,42,3,2.1,0,26.9,26.8,26.7,0
May,12,2025,90,80.6,71,72,67.9,64,96,67.3,43,6,3.3,2,26.8,26.8,26.7,0
May,13,2025,89,75.9,69,73,69.3,65,98,83.4,44,6,1.8,0,26.8,26.8,26.7,0.28
May,14,2025,87,77.8,68,72,69.1,67,98,76.5,56,3,1.6,0,26.9,26.8,26.7,1.37
May,15,2025,88,78.6,68,72,70.4,67,98,78,58,3,1.7,0,26.8,26.8,26.7,0.2
May,16,2025,83,77.8,70,73,61.6,0,96,68.3,0,3,1.9,0,26.8,26.8,26.7,0.55
May,17,2025,83,75.5,71,74,70.1,67,98,85.4,66,3,2,0,26.8,26.8,26.7,0.47
May,18,2025,83,76.4,71,72,69.1,65,98,79.1,64,3,2,0,26.8,26.7,26.7,1.35
May,19,2025,79,73.3,70,73,70.8,64,98,91.4,81,2,1.3,0,26.8,26.7,26.6,15.94
May,20,2025,75,72.6,71,73,69.9,67,98,91.4,82,3,1.6,0,26.8,26.7,26.7,1.46
May,21,2025,75,72.1,70,69,66.6,64,96,82.7,74,3,2.4,2,26.8,26.8,26.7,0.98
May,22,2025,84,76.1,70,70,67.8,65,93,76.4,60,5,3,0,26.8,26.8,26.7,0
May,23,2025,81,75.4,70,72,69.5,64,95,83,67,6,3,2,26.8,26.7,26.6,0
May,24,2025,78,74.1,71,71,69.5,68,95,85.9,74,7,4.9,2,26.7,26.7,26.6,0.04
May,25,2025,79,63.9,0,72,68.8,66,95,76,0,16,6.9,2,26.8,26.7,26.7,0.04
May,26,2025,79,73,70,69,68.6,67,96,87,72,5,3.9,2,26.7,26.7,26.7,0.12
May,27,2025,80,74.6,69,70,68.9,67,95,83.6,70,7,4.6,3,26.7,26.7,26.6,0.2
May,28,2025,81,73.9,71,70,59.3,0,93,72.7,0,7,5.7,5,26.7,22.9,0,0
May,29,2025,77,73.4,70,72,70,69,95,88.4,79,7,4.3,2,26.7,26.7,26.6,0.12
May,30,2025,79,73.9,71,73,70.4,69,96,89.6,80,6,3.9,2,26.8,26.7,26.6,0.02
May,31,2025,83,76.2,70,70,69.5,69,96,80.7,66,5,3.5,2,26.8,26.8,26.8,0.12
Jun,1,2025,86,77.6,72,71,68.6,67,93,74.9,56,6,4.6,3,28,27,26.8,0
Jun,2,2025,84,77,72,69,68.1,65,91,75.4,57,9,4.6,3,26.8,26.8,26.8,0
Jun,3,2025,80,75.8,71,73,69.8,67,95,82.3,72,7,4.8,3,26.9,26.8,26.8,0
Jun,4,2025,87,77.6,70,71,68.3,64,91,75,52,7,3.8,2,26.9,26.8,26.8,0
Jun,5,2025,86,79.3,71,69,67,64,96,68,50,7,4.5,2,26.9,26.8,26.8,0.03
Jun,6,2025,87,80.9,74,70,66.8,60,85,63.6,40,3,2,0,26.9,26.8,26.8,0
Jun,7,2025,88,80.6,73,70,68,65,86,67,51,5,3.1,2,26.9,26.8,26.8,0
Jun,8,2025,87,79.4,72,69,68.7,68,89,71.1,52,6,3.1,2,26.9,26.8,26.7,0
Jun,9,2025,85,75.8,72,73,69.9,65,95,82.6,61,5,3.5,2,26.8,26.8,26.7,0.12
Jun,10,2025,86,77.1,71,72,69.4,68,96,79.1,58,6,3.5,2,26.8,26.7,26.6,0.04
Jun,11,2025,84,75.3,71,73,70.3,68,98,86.1,65,7,4.9,3,26.7,26.7,26.6,0
Jun,12,2025,81,75,70,71,68.5,65,95,80.5,67,6,4.6,3,26.7,26.7,26.6,0.2
Jun,13,2025,79,74.6,71,72,70.3,65,98,87,75,7,4.5,3,26.7,26.7,26.6,0
Jun,14,2025,77,72.4,68,73,67.9,63,98,85.1,79,9,6.5,3,26.8,26.7,26.7,0.02
Jun,15,2025,79,72.9,69,71,68,64,96,84.9,72,15,9.1,3,26.7,26.7,26.7,0.13
Jun,16,2025,77,73.3,68,69,67.5,66,93,82.4,72,12,7.6,3,26.8,26.7,26.7,0
Jun,17,2025,78,73.3,70,73,69.1,66,96,86.3,75,7,5.1,3,26.8,26.8,26.8,0.01
Jun,18,2025,80,73.3,69,71,67.8,64,96,83.4,74,7,4.5,2,26.8,26.8,26.8,0.04
Jun,19,2025,83,75.5,69,70,67.9,64,91,77.5,60,7,4.8,3,26.9,26.8,26.7,0.08
Jun,20,2025,85,77,71,71,68.6,65,93,76.6,57,7,4.9,3,26.9,26.8,26.8,0
Jun,21,2025,84,76.5,71,72,68.5,67,93,77.1,56,12,6.6,3,26.8,26.8,26.8,0
Jun,22,2025,82,63.7,0,70,67.1,64,96,69.6,0,12,6.9,3,26.8,26.8,26.7,0
Jun,23,2025,81,74.1,69,69,67.3,63,91,79.1,62,15,8.3,3,26.8,26.8,26.7,0.28
Jun,24,2025,81,74.8,71,70,68.5,67,93,82.1,65,13,7.8,5,26.8,26.7,26.7,0
Jun,25,2025,81,74.4,70,71,69.1,66,93,84.4,72,13,8.4,3,26.8,26.7,26.7,0
Jun,26,2025,81,75.3,71,71,68.3,65,91,79.1,69,12,6,2,26.8,26.8,26.7,0
Jun,27,2025,83,75.9,70,76,69.3,64,91,81,64,6,5,3,26.8,26.8,26.7,0
Jun,28,2025,80,74.6,70,71,68.6,67,93,82.1,69,7,5.9,3,26.8,26.8,26.7,0.02
Jun,29,2025,85,76.4,70,70,68,65,95,77.3,57,10,6.6,0,26.8,26.8,26.7,0
Jun,30,2025,82,76.7,69,69,67.9,67,95,75.3,63,7,6,5,26.8,26.8,26.7,0
Jul,1,2025,79,73.9,71,72,68.8,64,90,84.5,74,10,5.9,3,26.8,26.8,26.7,0
Jul,2,2025,81,74.5,70,71,68.9,67,95,84,72,13,6.4,3,26.8,26.8,26.7,0.03
Jul,3,2025,80,73.8,69,71,68.5,64,93,84.9,72,10,8.3,3,26.8,26.8,26.8,0.02
Jul,4,2025,81,75.9,70,71,68.3,65,96,78.1,69,10,6.6,3,26.8,26.8,26.8,0
Jul,5,2025,79,73.4,68,71,68.4,62,93,84.3,77,10,7.3,5,26.8,26.8,26.8,0
Jul,6,2025,79,64.1,0,70,68.3,67,93,74.3,0,44,12.8,5,26.8,26.8,26.7,0
Jul,7,2025,81,74.6,69,71,68.5,66,96,81.4,67,15,7.8,3,26.8,26.8,26.7,0.02
Jul,8,2025,83,75.6,69,70,68.3,66,93,78.9,63,12,7,5,26.9,26.8,26.7,0
Jul,9,2025,85,76.3,69,71,68.6,65,91,77.5,59,6,4.9,3,26.8,26.8,26.7,0
Jul,10,2025,83,75.6,71,73,69.6,68,91,81.6,70,6,3.3,2,26.8,26.8,26.7,0
Jul,11,2025,85,74.1,70,73,69.1,67,96,86.4,64,6,3.3,2,26.8,26.8,26.7,0
Jul,12,2025,80,74.4,70,72,69.6,68,95,85.4,72,7,3.4,2,26.8,26.8,26.7,0.28
Jul,13,2025,81,74,69,70,69,67,96,85.4,69,7,4.1,3,26.8,26.8,26.7,0.04
Jul,14,2025,79,74.1,68,71,68.6,67,96,83,72,6,4.3,3,26.8,26.8,26.7,1.34
Jul,15,2025,81,74.9,69,71,69.1,67,96,83.4,72,9,5.1,2,26.8,26.8,26.7,0
Jul,16,2025,83,73.3,69,72,69.5,67,96,88.5,65,7,4.6,2,26.8,26.7,26.7,0
Jul,17,2025,82,74.3,69,71,69.4,68,95,85.3,67,7,3.9,3,26.8,26.8,26.7,0.18
Jul,18,2025,80,73.3,69,69,68.1,67,96,84.4,69,7,4.8,3,26.8,26.7,26.7,0.28
Jul,19,2025,77,71.1,68,71,68.5,66,98,91.9,81,7,4.4,3,26.7,26.7,26.6,0.01
Jul,20,2025,78,72.1,68,72,68.5,67,96,88.3,76,6,3.9,3,26.7,26.7,26.6,0.23
Jul,21,2025,78,71.4,67,70,68.3,67,98,90,74,7,4.4,2,26.8,26.7,26.7,0.24
Jul,22,2025,77,72,68,72,59.8,0,96,78,0,7,4.1,3,26.8,23.4,0,0.47
Jul,23,2025,78,72.4,69,70,68.4,67,93,87.1,74,13,6.1,3,26.8,26.7,26.7,0.04
Jul,24,2025,76,71.4,68,71,68.8,67,98,91.1,79,9,5.6,3,26.8,26.7,26.7,0.04
Jul,25,2025,77,71.8,68,70,68,67,96,87.6,75,9,5.9,3,26.8,26.7,26.7,0.08
Jul,26,2025,77,71.5,68,70,68,66,96,89,76,9,6.1,3,26.8,26.8,26.7,0.03
Jul,27,2025,77,72,67,68,66.5,64,95,82.9,71,7,5.9,3,26.8,26.8,26.8,0.03
Jul,28,2025,79,71.9,67,72,67.6,65,96,87.1,72,10,6,3,26.9,26.8,26.8,0.01
Jul,29,2025,79,71.4,68,71,68.9,66,98,91.9,72,9,6.1,3,26.9,26.8,26.8,0.02
Jul,30,2025,81,74.4,68,69,67.8,67,98,81.4,66,7,4.6,3,26.8,26.8,26.8,0.04
Jul,31,2025,80,74.3,70,72,69.9,68,93,86.3,76,9,4.7,2,26.8,26.8,26.8,0
Aug,1,2025,81,75.6,69,72,69.4,67,95,80.9,70,7,4.3,2,26.8,26.8,26.7,0.04
Aug,2,2025,83,75.5,68,71,69.3,68,99,81.9,64,6,3.6,2,26.8,23.4,0,0
Aug,3,2025,82,75.7,71,75,71,69,98,85.4,66,3,2.3,0,26.8,23,0,0
Aug,4,2025,83,74.3,69,75,71.1,69,98,90.4,71,5,2.4,0,26.8,26.8,26.7,1.77
Aug,5,2025,83,75.1,70,74,70.5,69,98,86.8,64,9,3.8,0,26.8,26.8,26.7,0.63
Aug,6,2025,81,75.1,70,73,70.1,68,96,85.5,72,5,2.8,2,26.8,26.8,26.7,0.06
Aug,7,2025,81,65.8,0,73,71.3,69,98,76.6,0,5,2.9,2,26.8,26.8,26.7,0.98
Aug,8,2025,82,75.9,72,73,71.4,70,95,86.3,71,3,2.1,2,26.9,26.8,26.8,0
Aug,9,2025,81,74.4,70,73,70.6,69,96,88.4,74,6,2.8,2,26.9,26.8,26.8,0
Aug,10,2025,75,71.4,69,72,69.4,68,98,93.6,80,3,2.6,2,26.9,26.8,26.8,0.19
Aug,11,2025,80,72.8,68,72,68.8,67,98,88.4,73,3,2.8,2,26.9,26.8,26.8,0.63
Aug,12,2025,77,72.4,68,69,68,67,96,86.8,76,7,4.8,3,26.8,26.8,26.7,0.12
Aug,13,2025,72,69.6,68,70,67.6,67,98,93.8,84,5,3.6,2,26.8,26.8,26.7,0.08
Aug,14,2025,76,71.3,67,71,68,66,96,89.6,76,5,3,2,26.8,26.8,26.7,0.46
Aug,15,2025,80,72.1,67,70,68,66,96,87.4,73,7,4.1,2,26.8,26.7,26.7,0.02
Aug,16,2025,78,72.8,69,71,69,67,95,88.3,78,6,3.9,3,26.7,26.7,26.6,0.07
Aug,17,2025,76,71.8,70,71,69.5,68,96,92.3,87,6,4.7,2,26.8,26.7,26.7,0.05
Aug,18,2025,74,70.1,67,69,67.6,66,96,91.8,83,7,4.6,3,26.8,26.8,26.7,0.2
Aug,19,2025,75,71.3,68,68,66.9,66,96,86.5,74,9,5.3,3,26.8,26.8,26.7,0.12
Aug,20,2025,79,73,67,69,67.3,65,92,82.6,71,7,4.8,2,26.9,26.8,26.8,0
Aug,21,2025,79,73.4,68,72,69.4,66,95,87.3,77,5,3.3,2,26.9,26.9,26.8,0
Aug,22,2025,83,76.3,71,73,70.8,70,100,83.5,63,10,4.4,2,26.9,26.8,26.8,0
Aug,23,2025,81,74.8,71,70,68.6,67,93,81.6,67,5,3.3,2,26.9,26.8,26.8,0
Aug,24,2025,84,76,69,69,66.6,65,91,74.4,54,7,4.3,2,26.9,26.8,26.8,0.04
Aug,25,2025,82,74.9,68,69,67.8,67,96,79.1,63,7,3.8,0,26.9,26.8,26.8,0
Aug,26,2025,81,74.5,69,69,67.8,66,96,80.5,66,7,4,2,26.9,26.8,26.8,0
Aug,27,2025,78,72.4,69,72,69,67,98,89.9,77,7,3.8,2,26.8,26.8,26.7,0
Aug,28,2025,81,72.8,69,74,69.3,67,95,89.3,77,7,4.1,2,26.8,26.8,26.7,0.2
Aug,29,2025,82,74.5,69,70,68.9,67,95,84.3,67,7,5.4,2,26.9,26.8,26.7,0.63
Aug,30,2025,83,75.5,70,72,70.5,69,100,85.5,68,6,4.1,2,26.9,26.8,26.8,0
Aug,31,2025,81,74.6,70,73,69.9,67,95,86.1,72,6,3.6,2,26.9,26.8,26.7,0.02
Sep,1,2025,80,73.6,68,71,69.3,67,96,86.9,73,9,5.7,2,26.8,26.8,26.7,0.16
Sep,2,2025,77,72,68,72,60.8,0,98,79,0,6,4.9,3,26.8,26.8,26.7,1.22
Sep,3,2025,76,71,68,73,60.8,0,96,81.8,0,6,4.1,3,26.8,26.8,26.7,0.08
Sep,4,2025,79,72.9,68,71,69.5,68,98,89.4,74,7,4.3,2,26.8,26.8,26.7,1.3
Sep,5,2025,80,75.1,69,73,70.4,68,98,86,74,5,3.1,2,26.9,26.8,26.8,0.08
Sep,6,2025,80,72.6,68,71,69.3,67,98,89.8,74,6,3.5,2,26.9,26.8,26.8,0
Sep,7,2025,82,74.1,67,71,68.9,67,98,84.5,67,7,4.1,2,26.9,26.8,26.8,0.72
Sep,8,2025,82,76.1,70,73,68.8,67,93,78.4,62,5,2.9,2,26.9,26.8,26.8,0
Sep,9,2025,83,77.3,70,72,69.9,67,92,79,67,5,1.6,0,26.9,26.8,26.8,0
Sep,10,2025,84,76.9,69,73,70.4,68,96,81,69,5,2.1,0,26.9,26.8,26.7,0
Sep,11,2025,78,73.4,69,69,68,67,98,83.5,71,5,2.8,2,26.9,26.8,26.8,2.09
Sep,12,2025,80,75.4,71,68,67.1,66,88,76.8,63,5,2.3,0,26.9,26.8,26.8,0
Sep,13,2025,81,75,72,69,67.4,66,89,77.8,66,6,3.6,2,26.9,26.8,26.8,0
Sep,14,2025,81,74.6,70,68,66.8,65,89,77.4,62,7,3.8,2,26.9,26.8,26.8,0
Sep,15,2025,82,75.5,69,69,67.5,65,88,76.6,63,7,4.3,2,26.9,26.8,26.7,0
Sep,16,2025,80,74.4,71,69,67.8,66,88,80.3,65,6,3.9,2,26.9,26.8,26.7,0
Sep,17,2025,80,74.1,70,70,68.1,67,91,82.5,70,3,2.8,2,26.9,26.8,26.7,0
Sep,18,2025,83,72.9,69,71,68.8,67,98,87.9,67,5,3.3,2,26.9,26.8,26.8,0.63
Sep,19,2025,77,71.4,68,71,68.8,68,98,91.3,78,6,3.5,2,26.9,26.8,26.8,2.8
Sep,20,2025,80,74.5,69,72,67,54,95,79,48,5,3.1,2,26.9,26.8,26.8,0.08
Sep,21,2025,80,74.5,70,71,68.5,67,93,82.4,67,7,5,2,26.8,26.8,26.7,0
Sep,22,2025,81,75,70,71,68.9,67,98,82.3,66,7,5,3,26.9,26.8,26.8,0
Sep,23,2025,78,72.8,69,70,68.4,67,96,86.8,71,7,4.6,2,26.9,26.8,26.8,0.07
Sep,24,2025,76,72.4,69,70,67.5,65,96,85.4,71,5,3.8,3,26.9,26.8,26.7,0.04
Sep,25,2025,82,74.4,70,71,68.6,68,93,82.9,69,7,4.6,2,26.8,26.8,26.7,0.12
Sep,26,2025,80,73,69,67,65.8,64,93,79.2,61,6,4,2,26.8,26.8,26.7,0
Sep,27,2025,77,55,0,71,67.3,65,91,61.4,0,32,10,3,26.8,26.8,26.7,0
Sep,28,2025,81,73.5,69,69,67.4,67,93,81.6,62,7,5,3,26.8,26.8,26.7,0.04
Sep,29,2025,83,73.9,68,68,66.3,65,98,78.3,54,9,6,3,26.8,26.8,26.7,0
Sep,30,2025,82,75.6,68,67,66,65,98,74.1,58,6,4.6,3,26.8,26.8,26.7,0
Oct,1,2025,83,76.1,68,69,66.8,65,95,73.7,58,9,5.1,2,26.8,26.8,26.7,0
Oct,2,2025,82,74.1,69,69,67.8,67,95,81.9,65,6,3.8,2,26.9,26.8,26.8,0
Oct,3,2025,86,76.9,69,70,68.8,68,95,77.6,57,5,3.1,2,26.9,26.9,26.8,0.12
Oct,4,2025,77,73.3,72,71,70.4,68,98,90.4,81,3,2.1,0,27,26.9,26.8,0.03
Oct,5,2025,86,76.1,69,71,68.1,66,98,78,55,3,3,3,26.9,26.9,26.8,0.03
Oct,6,2025,79,73.6,69,70,68.4,67,96,84.5,69,3,2,0,26.9,26.9,26.8,0.28
Oct,7,2025,81,63.7,0,73,70,67,95,73,0,85,13.1,0,26.9,26.9,26.8,0
Oct,8,2025,82,75.3,71,74,71.7,69,96,88.9,78,5,1.6,0,26.9,26.9,26.8,0
Oct,9,2025,84,76.7,70,76,72.3,69,95,86.6,74,3,1.6,0,26.9,26.9,26.8,0
Oct,10,2025,82,74.9,69,73,70.5,67,98,87,72,3,1.6,0,26.9,26.8,26.8,0.31
Oct,11,2025,83,74.9,69,73,70.3,69,98,86.5,71,3,0.6,0,26.9,26.8,26.8,2.68
Oct,12,2025,84,76.4,71,72,68.6,66,98,77.8,62,3,0.9,0,26.9,26.8,26.8,0
Oct,13,2025,85,77,69,76,69.4,66,93,78.3,53,2,1.8,0,26.9,26.8,26.8,0
Oct,14,2025,81,75.3,71,73,69.5,68,93,83.4,67,5,2.4,0,26.8,26.8,26.7,0
Oct,15,2025,80,74.8,71,70,69,68,95,83.2,67,3,1.5,0,26.8,26.8,26.7,0.04
Oct,16,2025,81,74,70,73,70.1,68,96,87.8,72,3,2.3,2,26.8,26.8,26.7,0.04
Oct,17,2025,81,74.8,71,71,70.1,69,96,85.8,70,5,3.5,2,26.9,26.8,26.8,0.2
Oct,18,2025,81,73.1,69,71,69.9,68,98,89.7,69,2,2,2,26.9,26.8,26.8,0
Oct,19,2025,82,74.8,69,71,69.5,68,100,84.4,64,3,2.5,2,26.9,26.8,26.7,0.31
Oct,20,2025,82,74.5,71,75,70.3,68,95,87.9,64,3,2.6,2,26.8,26.8,26.7,0
Oct,21,2025,77,72.3,70,70,69,68,95,89.3,76,5,2.6,2,26.8,26.8,26.7,0.08
Oct,22,2025,76,72,69,71,61.3,0,100,80.6,0,3,2.3,2,26.8,26.8,26.7,0.59
Oct,23,2025,80,73.6,69,70,68.9,67,96,85.7,70,3,2.1,2,26.9,26.8,26.8,0
Oct,24,2025,77,72.5,69,71,67.4,65,88,83.9,77,2,2,2,26.9,26.8,26.8,0.2
Oct,25,2025,82,75,68,68,66.4,64,91,75.1,58,2,2,2,26.9,26.8,26.8,0
Oct,26,2025,82,75.9,70,69,67.5,66,91,76.1,61,5,2.6,2,26.9,26.8,26.8,0
Oct,27,2025,76,72.1,69,70,68.4,67,95,87.9,79,5,3.3,2,26.9,26.8,26.8,0
Oct,28,2025,75,71.3,68,69,66.8,65,96,86.8,75,7,4,2,26.8,26.8,26.7,0.04
Oct,29,2025,79,72.5,68,68,66.9,66,95,83,70,5,3.8,2,26.8,26.8,26.8,0
Oct,30,2025,81,73.5,67,67,65.6,65,96,77.6,57,6,3.3,2,26.9,26.9,26.8,0
Oct,31,2025,83,75.1,67,65,64.7,64,92,70.9,55,5,2.6,0,26.9,26.9,26.8,0
Nov,1,2025,83,75.1,68,66,64.3,63,87,69.9,54,3,2,0,26.9,26.9,26.8,0
Nov,2,2025,82,74.5,68,69,66.6,64,95,77.4,64,3,1.9,0,27,26.9,26.9,0
Nov,3,2025,81,73.8,68,68,66.9,65,91,80.3,66,3,1.9,0,26.9,26.9,26.9,0
Nov,4,2025,78,73,68,69,67.4,65,93,82.6,69,3,2.1,0,26.9,26.9,26.8,0
Nov,5,2025,82,75.9,71,70,68.8,66,95,79.6,64,3,1.9,0,26.9,26.8,26.8,0
Nov,6,2025,81,73.9,69,69,66.8,64,89,79.4,63,3,2.3,2,26.9,26.9,26.8,0
Nov,7,2025,82,75,70,68,65.8,64,91,73.9,55,3,1.9,0,26.9,26.9,26.8,0
Nov,8,2025,81,64.5,0,66,63.5,60,91,61.4,0,3,1.5,0,27,26.9,26.9,0
Nov,9,2025,82,73.7,66,63,57,54,89,58.3,39,3,1,0,26.9,26.9,26.8,0
Nov,10,2025,80,74,64,65,63.4,62,94,70.6,55,2,1.5,0,26.9,26.9,26.8,0
Nov,11,2025,81,74.8,68,67,65.9,65,91,74.8,57,2,1.4,0,26.9,26.9,26.9,0
Nov,12,2025,81,74.9,68,68,65.8,62,90,74.9,52,3,2.1,0,26.9,26.9,26.9,0
Nov,13,2025,82,74.5,69,68,66.9,64,92,77.8,60,3,2,0,27,26.9,26.9,0
Nov,14,2025,84,74.1,67,68,64.8,62,95,73.8,58,2,2,2,26.9,26.9,26.9,0
Nov,15,2025,80,71.6,65,65,61,52,92,72,38,3,2.6,2,27,26.9,26.9,0
Nov,16,2025,79,71.1,65,65,63.5,62,92,77.8,60,3,2.3,2,27,26.9,26.9,0
Nov,17,2025,78,71.6,64,65,62.9,60,89,74.1,62,3,2.4,2,27,26.9,26.9,0
Nov,18,2025,76,71.3,68,67,65.1,60,89,81.7,76,5,2.7,2,26.9,26.9,26.8,0
Nov,19,2025,79,72.1,68,71,66.3,64,95,69.5,0,3,1.9,0,26.9,26.9,26.9,0
Nov,20,2025,83,73.9,67,67,65,63,95,75.5,57,5,2.9,2,27,26.9,26.9,0
Nov,21,2025,81,73,67,70,67.8,65,96,84.6,67,3,2.1,2,27,26.9,26.9,0
Nov,22,2025,77,63.4,0,69,67.5,66,98,74.5,0,14,4,2,27,26.9,26.9,0.04
Nov,23,2025,79,72,68,68,67.3,65,95,85.3,68,3,2.3,2,27,26.9,26.9,0.04
Nov,24,2025,80,72.6,68,67,66,65,95,80.5,63,5,2.8,2,27,26.9,26.9,0
Nov,25,2025,78,71.9,67,66,64.5,63,92,78.1,59,2,1.8,0,27,26.9,26.9,0
Nov,26,2025,78,70.9,64,64,62.4,60,90,74.8,57,5,2.8,2,27,26.9,26.9,0
Nov,27,2025,74,68,63,62,60.8,59,92,78,59,5,3.3,2,27,26.9,26.9,0
Nov,28,2025,76,68.3,63,63,60.9,60,94,78.3,57,5,2.8,2,26.9,26.9,26.8,0
Nov,29,2025,69,66.6,63,65,61.6,60,94,84.1,77,5,2.6,2,26.9,26.8,26.8,0
Nov,30,2025,67,66.7,66,66,65.7,65,98,96.3,96,2,2,2,26.9,26.9,26.8,0.01
Dec,1,2025,72,69,66,66,65.1,64,96,88.3,82,2,1.8,0,26.9,26.9,26.8,0.01
Dec,2,2025,78,72,68,69,66.9,65,93,84.4,69,2,2,2,26.9,26.9,26.8,0
Dec,3,2025,77,71.5,68,68,66.9,66,95,86.3,75,3,2.1,2,26.9,26.9,26.9,0.04
Dec,4,2025,79,73.1,69,68,67.3,67,95,82.8,68,3,1.9,0,27,26.9,26.9,0
Dec,5,2025,74,70.5,68,68,66.3,65,95,87.3,72,5,2.5,2,27,26.9,26.9,0
Dec,6,2025,79,71.3,66,65,63,60,92,76.4,60,3,2,0,27,27,26.9,0.01
Dec,7,2025,79,62,0,65,64,63,94,65.3,0,104,17.1,2,27,27,26.9,0
Dec,8,2025,82,70.5,62,61,55.4,47,96,63.6,30,2,1.8,0,27,26.9,26.9,0
Dec,9,2025,80,71.1,63,64,61.6,59,88,73.4,50,6,2.5,0,27,26.9,26.9,0
Dec,10,2025,82,72.1,63,60,58.7,57,88,64,45,5,4,2,27,26.9,26.9,0
Dec,11,2025,80,69.4,62,60,55.5,51,90,65.1,39,3,2,0,27,26.9,26.9,0
Dec,12,2025,80,68.6,60,60,57.4,52,94,69.5,38,2,1.8,0,27,26.9,26.9,0
Dec,13,2025,82,69.5,60,58,52.5,45,91,59.9,27,106,14.8,0,27,26.9,26.8,0
Dec,14,2025,80,68.4,59,59,56.5,54,91,68.3,41,3,1.9,0,27,26.9,26.9,0
Dec,15,2025,80,68.6,60,60,55.3,52,91,66,38,3,2.4,2,27,26.9,26.9,0
Dec,16,2025,74,69.3,63,67,65,60,91,87.1,79,5,3.1,2,26.9,26.9,26.9,0
Dec,17,2025,80,72.1,63,66,61.8,59,90,71,51,3,2.1,2,27,26.9,26.9,0
Dec,18,2025,81,70,61,62,56.9,50,92,66.6,34,5,1.6,0,27,26.9,26.9,0
Dec,19,2025,78,67.8,61,60,56.5,54,92,69.5,44,3,0.9,0,27,26.9,26.8,0
Dec,20,2025,77,67.4,59,59,57.5,55,90,72.1,46,3,1.8,0,26.9,26.9,26.8,0
Dec,21,2025,78,67.8,60,62,58,56,92,72.5,49,3,1.6,0,26.9,26.9,26.8,0
Dec,22,2025,77,60.1,0,61,59.7,56,88,61.1,0,87,14.3,0,26.9,26.9,26.8,0
Dec,23,2025,77,59,0,61,58.8,57,94,65.9,0,108,15.1,0,26.9,26.9,26.8,0
Dec,24,2025,78,68.3,60,62,58.6,56,90,73.6,47,3,0.9,0,26.9,26.9,26.8,0
Dec,25,2025,79,70.1,60,62,57.1,50,94,66.4,36,3,2.1,0,26.9,26.9,26.8,0
Dec,26,2025,79,70.3,64,125,70.9,61,94,63.3,0,5,3,2,26.9,26.9,26.8,0
Dec,27,2025,78,69.3,62,63,59,56,96,71.5,49,3,2.3,2,26.9,26.9,26.8,0
Dec,28,2025,77,68.9,63,63,61.1,59,94,77.6,57,3,2,0,27,26.9,26.9,0
Dec,29,2025,80,70.4,63,65,63.3,60,90,79.3,59,3,1.9,0,27,26.9,26.9,0
Dec,30,2025,82,72.5,66,65,64.1,63,90,75.6,55,2,0.8,0,26.9,26.9,26.8,0
Dec,31,2025,81,74.3,64,69,66.3,63,94,77.2,59,2,1.3,0,26.9,26.9,26.8,0
Jan,1,2026,76,72.2,69,68,67.2,65,95,84.5,76,5,2.7,0,26.9,26.9,26.8,0
Jan,2,2026,80,71.8,67,67,65.1,64,95,80.1,61,5,2.8,2,27,26.9,26.9,0
Jan,3,2026,80,70.6,64,67,62.9,60,96,78.4,57,6,3.3,0,27,26.9,26.9,0
Jan,4,2026,78,68.9,62,61,58.9,56,96,72.8,50,5,2.4,0,27,26.9,26.9,0
Jan,5,2026,79,69.1,61,62,59.4,56,94,73.3,50,3,2.3,2,27,26.9,26.9,0
Jan,6,2026,76,69,63,64,62.5,61,96,81.3,66,3,2.5,2,27,27,26.9,0
Jan,7,2026,78,70.8,65,62,55.7,53,89,60.7,45,5,3,2,27,27,26.9,0
Jan,8,2026,73,48.9,0,60,56.8,50,90,58,0,51,12.1,0,27,27,26.9,0
Jan,9,2026,76,68.1,59,59,57.9,56,94,71.1,50,2,2,2,27,26.9,26.9,0
Jan,10,2026,74,67,63,64,61.3,57,94,81.8,61,3,2.4,2,27,26.9,26.9,0
Jan,11,2026,73,67.4,63,65,63.4,61,94,87,75,3,1.8,0,27,27,26.9,0
Jan,12,2026,75,69.1,65,68,65.1,63,94,87.1,76,3,2.5,2,27.1,27,27,0
Jan,13,2026,81,71.8,65,67,55.9,0,90,66.5,0,3,2.1,2,27.1,27,26.9,0
Jan,14,2026,82,72.9,65,65,63.4,61,87,73,54,3,1.9,0,27,26.9,26.9,0
Jan,15,2026,83,65.5,0,64,62,59,92,57.6,0,2,1.3,0,27,26.9,26.9,0
Jan,16,2026,80,71,64,63,60.6,58,94,71.5,46,2,2,2,27,26.9,26.9,0
Jan,17,2026,81,69.8,62,60,55.5,50,92,63.4,34,5,1.8,0,27,26.9,26.8,0
Jan,18,2026,83,71.1,61,58,51.6,45,88,54.3,26,2,0.5,0,26.9,26.9,26.8,0
Jan,19,2026,82,71.1,61,60,56.5,53,80,62.1,40,3,1.1,0,26.9,26.9,26.8,0
Jan,20,2026,82,71.3,61,59,53.9,46,85,58.9,33,3,1.6,0,26.9,26.9,26.8,0
Jan,21,2026,79,68.8,60,58,52.9,45,91,59.9,30,2,1.5,0,27,26.9,26.9,0
Jan,22,2026,77,67.6,60,56,52.4,47,75,59.7,42,3,1.9,0,27,26.9,26.9,0
Jan,23,2026,81,70.5,60,62,54.4,45,90,61.5,28,3,1.6,0,27,26.9,26.9,0
Jan,24,2026,76,69.9,64,62,60.5,59,86,73,56,5,2.8,2,27,27,26.9,0
Jan,25,2026,75,69.8,66,64,62,59,92,76.3,65,3,2.4,2,27,26.9,26.9,0
Jan,26,2026,74,68.4,65,68,63.9,61,98,85.8,68,3,1.8,0,27,27,26.9,0
Jan,27,2026,83,73,64,63,60.1,58,90,66.3,42,3,1.6,0,27.1,23.1,0,0.08
Jan,28,2026,83,72.5,63,62,57.8,53,87,63,36,6,2.3,0,27,27,26.9,0
Jan,29,2026,81,71,63,61,56.3,52,89,62.6,38,6,3.4,2,27,26.9,26.9,0
Jan,30,2026,83,71.5,63,60,52.9,49,90,54.9,31,6,3.1,2,27,27,26.9,0
Jan,31,2026,83,72.4,62,56,50.6,43,69,49.6,27,3,2.1,2,27,27,26.9,0
Feb,1,2026,82,71.6,62,61,56.8,53,92,62.3,36,3,2,0,27,27,26.9,0
Feb,2,2026,85,73.6,64,60,57,54,79,58.6,39,2,2,2,27,26.9,26.9,0
Feb,3,2026,83,72.1,64,60,55.1,50,86,58.1,32,3,2.3,2,27,27,26.9,0
Feb,4,2026,82,71.5,62,58,52.9,46,86,55.3,28,3,1.8,0,27,27,26.9,0
Feb,5,2026,83,72.4,62,58,50.6,38,82,50.9,24,3,1.3,0,27,27,26.9,0
Feb,6,2026,83,74.4,63,64,53.3,48,80,50.7,29,3,2,0,27,27,26.9,0
Feb,7,2026,85,73.3,62,57,49.8,44,75,47.3,26,2,1.8,0,27,26.9,26.9,0
Feb,8,2026,85,55,0,58,53.7,50,81,33,0,2,2,2,27,26.9,26.8,0
Feb,9,2026,82,63.3,0,59,55.3,50,81,51.1,0,101,14.1,0,27,26.9,26.9,0
Feb,10,2026,85,64.9,0,58,54.5,49,84,46.6,0,3,2.4,2,27,24.3,5.7,0
Feb,11,2026,80,70.1,62,58,51.7,47,88,55.9,34,5,2.9,2,27,27,26.9,0
Feb,12,2026,82,65.5,0,60,56.9,54,73,48.6,0,3,2.1,2,27,26.9,26.9,0
Feb,13,2026,86,75.5,64,60,56.3,53,79,53.8,35,5,2.5,2,27,26.9,26.9,0
Feb,14,2026,86,75.1,65,62,57.8,54,92,58.1,33,3,2.5,2,27,26.9,26.9,0
Feb,15,2026,85,66.6,0,60,56.1,51,83,47.3,0,18,4.3,2,27,26.9,26.8,0
Feb,16,2026,83,75,66,60,55.6,53,73,52.4,37,5,2.4,2,26.9,26.9,26.8,0
Feb,17,2026,83,65,0,62,55.8,53,89,47.5,0,94,13.5,2,26.9,26.9,26.8,0
Feb,18,2026,83,73.4,65,63,57.1,52,79,58.6,38,5,2.9,2,26.9,26.9,26.8,0
Feb,19,2026,87,76,65,66,61.3,58,81,62,40,3,2.6,2,26.9,26.9,26.8,0
Feb,20,2026,86,75.9,66,66,62.3,56,83,64,49,6,3.3,2,26.9,26.9,26.9,0
Feb,21,2026,85,76.8,68,69,65.5,64,85,69.5,51,5,3,2,26.9,26.8,26.8,0
Feb,22,2026,88,77.9,68,70,65.3,60,93,67.8,39,5,2.9,2,26.9,26.8,26.7,0
Feb,23,2026,88,77.8,68,68,63.5,60,90,64.3,40,2,2,2,26.9,26.8,26.7,0
Feb,24,2026,85,78.9,69,67,64.1,61,93,62.3,46,5,2.9,2,26.9,26.8,26.8,0
Feb,25,2026,86,77.5,68,67,63.5,57,85,64.8,38,3,2.1,2,26.9,26.9,26.8,0
Feb,26,2026,86,79.1,73,67,63.4,59,82,60.7,40,2,1.4,0,26.9,26.8,26.8,0
Feb,27,2026,86,79.3,71,67,64.3,59,84,61.1,47,2,2,2,26.9,26.8,26.8,0
Feb,28,2026,87,79.1,70,64,60.9,57,82,55.6,38,5,2.1,0,26.9,26.8,26.8,0
Mar,1,2026,86,77.9,69,65,61.8,58,79,58.9,45,2,1,0,26.9,26.8,26.8,0
Mar,2,2026,89,79.1,71,65,60,58,74,53.9,36,3,2,0,26.9,26.9,26.8,0
Mar,3,2026,90,68.1,0,60,50,0,71,44.4,0,2,1.8,0,26.9,26.9,26.8,0
Mar,4,2026,88,78.5,69,60,56.6,55,71,48.9,33,5,2.4,0,26.9,26.9,26.8,0
Mar,5,2026,91,80.6,70,58,56.6,54,66,45.6,30,2,1.1,0,26.9,26.9,26.8,0
Mar,6,2026,92,80.9,72,67,59.6,56,74,51.1,30,3,2.1,0,26.9,26.8,26.8,0
Mar,7,2026,92,80.9,74,70,60.8,52,85,54,25,5,2.8,0,26.9,26.9,26.8,0
Mar,8,2026,90,81.3,72,70,60.7,54,81,52,29,3,1.9,0,26.9,26.9,26.8,0
Mar,9,2026,86,77.9,71,67,62.6,56,85,62.6,36,5,3.3,2,26.9,26.9,26.8,0
Mar,10,2026,85,75.8,68,64,59,52,87,59.6,32,3,2.4,2,27,26.9,26.9,0
Mar,11,2026,88,77.5,66,65,61.8,58,96,61.5,37,5,2.6,2,27,26.9,26.9,0
Mar,12,2026,90,79.6,68,65,60.4,56,85,55.1,31,3,1.6,0,26.9,26.9,26.8,0
Mar,13,2026,89,80.3,70,64,59.8,55,81,52.9,33,3,1.9,0,26.9,26.8,26.8,0
Mar,14,2026,91,80.1,71,67,60.3,54,79,53.6,31,5,2.5,0,26.9,26.9,26.8,0
Mar,15,2026,91,79.1,72,68,61.6,57,79,57.8,31,3,2.4,2,26.9,23.5,0,0
Mar,16,2026,89,79.9,73,69,63.4,59,85,59.6,39,5,2.5,2,26.9,26.9,26.8,0
Mar,17,2026,87,77.1,70,68,65.4,62,91,69.4,44,3,2.1,0,26.9,26.8,26.8,0
Mar,18,2026,86,73.4,64,68,64.8,61,96,77.3,50,5,2.5,2,26.9,26.9,26.8,0.08
Mar,19,2026,87,76.5,64,74,63.6,59,92,65,47,2,1.3,0,26.9,26.9,26.8,0.28
Mar,20,2026,86,78.1,69,66,63,59,86,61.5,40,2,1.5,0,26.9,26.9,26.8,0
Mar,21,2026,89,80,72,67,64.5,61,81,61.4,39,2,2,2,26.9,26.9,26.8,0
Mar,22,2026,88,79.8,73,68,64.1,61,83,60.6,40,5,2.6,2,26.9,26.9,26.8,0
Mar,23,2026,88,80,73,65,60.4,57,74,52.9,36,3,2.3,0,26.9,26.9,26.8,0.03
Mar,24,2026,91,81,71,65,53.9,0,79,46.3,0,3,1.9,0,26.9,26.9,26.8,0
Mar,25,2026,92,82.6,72,67,60,55,83,49.1,32,3,2,0,26.9,26.9,26.8,0
Mar,26,2026,93,81.5,71,65,56.9,48,81,47.8,22,3,2,0,26.9,26.9,26.8,0
Mar,27,2026,95,83.3,70,63,55.1,48,79,42,20,2,1.3,0,26.9,26.8,26.8,0
Mar,28,2026,92,82.4,75,70,63.3,60,85,54.8,35,5,2.5,2,26.9,26.8,26.7,0
Mar,29,2026,91,79.1,70,66,63.6,60,88,63,36,3,2.6,2,26.9,26.8,26.7,0.07
Mar,30,2026,91,80.9,71,68,64.3,60,91,60.8,36,2,0.8,0,26.9,26.8,26.8,0.75
Mar,31,2026,91,82.6,74,68,63,58,82,53.6,33,2,1.1,0,26.9,26.8,26.8,0
Apr,1,2026,90,81.1,72,68,59.8,54,86,50.8,31,3,2.1,0,26.9,26.8,26.8,0
Apr,2,2026,89,79.6,71,68,62.3,55,81,57.5,31,2,1,0,26.9,26.9,26.8,0
Apr,3,2026,90,81.6,74,72,64.8,54,88,58.5,41,5,2.1,0,26.9,26.9,26.8,0
Apr,4,2026,87,81.1,76,70,68,66,78,65,49,5,2.4,0,26.9,26.8,26.8,0
Apr,5,2026,92,82.4,74,71,65.5,62,85,58.8,38,3,1.6,0,26.9,26.8,26.8,0
Apr,6,2026,94,83.8,75,67,62.8,58,76,51,33,5,1.6,0,26.9,26.9,26.8,0
Apr,7,2026,92,82.1,74,65,57.4,50,68,45.1,23,3,1.6,0,26.9,26.9,26.8,0
Apr,8,2026,94,83.5,73,67,60.7,56,65,48.7,28,2,1.3,0,26.9,26.8,26.8,0
Apr,9,2026,93,85.6,78,69,66,61,71,52.9,34,3,1.9,0,26.9,26.9,26.8,0
Apr,10,2026,91,82,77,76,68.6,65,85,65.4,43,3,1.9,0,26.9,26.9,26.8,0
Apr,11,2026,92,83.8,76,70,64.6,60,79,54.6,37,3,2.1,2,26.9,26.9,26.8,0.06
Apr,12,2026,92,86.4,76,68,63.4,59,76,48.8,34,2,1.6,0,26.9,26.8,26.8,0
,,,,,,,,,,,,,,,,,,
,,,,,,,,,,,,,,,,,,
,,,,,,,,,,,,,,,,,,
,,,,,,,,,,,,,,,,,,
,,,,,,,,,,,,,,,,,,
,,,,,,,,,,,,,,,,,,
,,,,,,,,,,,,,,,,,,
,,,,,,,,,,,,,,,,,,
,,,,,,,,,,,,,,,,,,
,,,,,,,,,,,,,,,,,,
,,,,,,,,,,,,,,,,,,
,,,,,,,,,,,,,,,,,,
,,,,,,,,,,,,,,,,,,
,,,,,,,,,,,,,,,,,,
,,,,,,,,,,,,,,,,,,
,,,,,,,,,,,,,,,,,,
,,,,,,,,,,,,,,,,,,
,,,,,,,,,,,,,,,,,,
,,,,,,,,,,,,,,,,,,
,,,,,,,,,,,,,,,,,,
,,,,,,,,,,,,,,,,,,
,,,,,,,,,,,,,,,,,,
,,,,,,,,,,,,,,,,,,
,,,,,,,,,,,,,,,,,,
,,,,,,,,,,,,,,,,,,
,,,,,,,,,,,,,,,,,,
,,,,,,,,,,,,,,,,,,
,,,,,,,,,,,,,,,,,,
,,,,,,,,,,,,,,,,,,
,,,,,,,,,,,,,,,,,,
,,,,,,,,,,,,,,,,,,
,,,,,,,,,,,,,,,,,,
,,,,,,,,,,,,,,,,,,
,,,,,,,,,,,,,,,,,,
,,,,,,,,,,,,,,,,,,
,,,,,,,,,,,,,,,,,,
,,,,,,,,,,,,,,,,,,
,,,,,,,,,,,,,,,,,,
,,,,,,,,,,,,,,,,,,
,,,,,,,,,,,,,,,,,,
,,,,,,,,,,,,,,,,,,
,,,,,,,,,,,,,,,,,,
,,,,,,,,,,,,,,,,,,
,,,,,,,,,,,,,,,,,,
,,,,,,,,,,,,,,,,,,
,,,,,,,,,,,,,,,,,,
,,,,,,,,,,,,,,,,,,
,,,,,,,,,,,,,,,,,,
,,,,,,,,,,,,,,,,,,
,,,,,,,,,,,,,,,,,,
,,,,,,,,,,,,,,,,,,
,,,,,,,,,,,,,,,,,,
,,,,,,,,,,,,,,,,,,
,,,,,,,,,,,,,,,,,,
,,,,,,,,,,,,,,,,,,
,,,,,,,,,,,,,,,,,,
,,,,,,,,,,,,,,,,,,
,,,,,,,,,,,,,,,,,,
,,,,,,,,,,,,,,,,,,
,,,,,,,,,,,,,,,,,,
,,,,,,,,,,,,,,,,,,
,,,,,,,,,,,,,,,,,,
,,,,,,,,,,,,,,,,,,
,,,,,,,,,,,,,,,,,,
,,,,,,,,,,,,,,,,,,
,,,,,,,,,,,,,,,,,,
,,,,,,,,,,,,,,,,,,
,,,,,,,,,,,,,,,,,,
,,,,,,,,,,,,,,,,,,
,,,,,,,,,,,,,,,,,,
,,,,,,,,,,,,,,,,,,
,,,,,,,,,,,,,,,,,,
,,,,,,,,,,,,,,,,,,
,,,,,,,,,,,,,,,,,,
,,,,,,,,,,,,,,,,,,
,,,,,,,,,,,,,,,,,,
,,,,,,,,,,,,,,,,,,
,,,,,,,,,,,,,,,,,,
,,,,,,,,,,,,,,,,,,
,,,,,,,,,,,,,,,,,,
,,,,,,,,,,,,,,,,,,
,,,,,,,,,,,,,,,,,,
,,,,,,,,,,,,,,,,,,
,,,,,,,,,,,,,,,,,,
,,,,,,,,,,,,,,,,,,
,,,,,,,,,,,,,,,,,,
,,,,,,,,,,,,,,,,,,
,,,,,,,,,,,,,,,,,,
,,,,,,,,,,,,,,,,,,
,,,,,,,,,,,,,,,,,,
,,,,,,,,,,,,,,,,,,
,,,,,,,,,,,,,,,,,,
,,,,,,,,,,,,,,,,,,
,,,,,,,,,,,,,,,,,,
,,,,,,,,,,,,,,,,,,
,,,,,,,,,,,,,,,,,,
,,,,,,,,,,,,,,,,,,
,,,,,,,,,,,,,,,,,,
,,,,,,,,,,,,,,,,,,
,,,,,,,,,,,,,,,,,,
,,,,,,,,,,,,,,,,,,
,,,,,,,,,,,,,,,,,,
,,,,,,,,,,,,,,,,,,
,,,,,,,,,,,,,,,,,,
,,,,,,,,,,,,,,,,,,
,,,,,,,,,,,,,,,,,,
,,,,,,,,,,,,,,,,,,
,,,,,,,,,,,,,,,,,,
,,,,,,,,,,,,,,,,,,
,,,,,,,,,,,,,,,,,,
,,,,,,,,,,,,,,,,,,
,,,,,,,,,,,,,,,,,,
,,,,,,,,,,,,,,,,,,
,,,,,,,,,,,,,,,,,,
,,,,,,,,,,,,,,,,,,
,,,,,,,,,,,,,,,,,,
,,,,,,,,,,,,,,,,,,
,,,,,,,,,,,,,,,,,,
,,,,,,,,,,,,,,,,,,
,,,,,,,,,,,,,,,,,,
,,,,,,,,,,,,,,,,,,
,,,,,,,,,,,,,,,,,,
,,,,,,,,,,,,,,,,,,
,,,,,,,,,,,,,,,,,,
,,,,,,,,,,,,,,,,,,
,,,,,,,,,,,,,,,,,,
,,,,,,,,,,,,,,,,,,
,,,,,,,,,,,,,,,,,,
,,,,,,,,,,,,,,,,,,
,,,,,,,,,,,,,,,,,,
,,,,,,,,,,,,,,,,,,
,,,,,,,,,,,,,,,,,,
,,,,,,,,,,,,,,,,,,
,,,,,,,,,,,,,,,,,,
,,,,,,,,,,,,,,,,,,
,,,,,,,,,,,,,,,,,,
,,,,,,,,,,,,,,,,,,
,,,,,,,,,,,,,,,,,,
,,,,,,,,,,,,,,,,,,
,,,,,,,,,,,,,,,,,,
,,,,,,,,,,,,,,,,,,
,,,,,,,,,,,,,,,,,,
,,,,,,,,,,,,,,,,,,
,,,,,,,,,,,,,,,,,,
,,,,,,,,,,,,,,,,,,
,,,,,,,,,,,,,,,,,,
,,,,,,,,,,,,,,,,,,
,,,,,,,,,,,,,,,,,,
,,,,,,,,,,,,,,,,,,
,,,,,,,,,,,,,,,,,,
,,,,,,,,,,,,,,,,,,
,,,,,,,,,,,,,,,,,,
,,,,,,,,,,,,,,,,,,
,,,,,,,,,,,,,,,,,,
,,,,,,,,,,,,,,,,,,
,,,,,,,,,,,,,,,,,,
,,,,,,,,,,,,,,,,,,
,,,,,,,,,,,,,,,,,,
,,,,,,,,,,,,,,,,,,
,,,,,,,,,,,,,,,,,,
,,,,,,,,,,,,,,,,,,
,,,,,,,,,,,,,,,,,,
,,,,,,,,,,,,,,,,,,
,,,,,,,,,,,,,,,,,,
,,,,,,,,,,,,,,,,,,
,,,,,,,,,,,,,,,,,,
,,,,,,,,,,,,,,,,,,
,,,,,,,,,,,,,,,,,,
,,,,,,,,,,,,,,,,,,
,,,,,,,,,,,,,,,,,,
,,,,,,,,,,,,,,,,,,
,,,,,,,,,,,,,,,,,,
,,,,,,,,,,,,,,,,,,
,,,,,,,,,,,,,,,,,,
,,,,,,,,,,,,,,,,,,
,,,,,,,,,,,,,,,,,,
,,,,,,,,,,,,,,,,,,
,,,,,,,,,,,,,,,,,,
,,,,,,,,,,,,,,,,,,
,,,,,,,,,,,,,,,,,,
,,,,,,,,,,,,,,,,,,
,,,,,,,,,,,,,,,,,,
,,,,,,,,,,,,,,,,,,
,,,,,,,,,,,,,,,,,,
,,,,,,,,,,,,,,,,,,
,,,,,,,,,,,,,,,,,,
,,,,,,,,,,,,,,,,,,
,,,,,,,,,,,,,,,,,,
,,,,,,,,,,,,,,,,,,
,,,,,,,,,,,,,,,,,,
,,,,,,,,,,,,,,,,,,
,,,,,,,,,,,,,,,,,,
,,,,,,,,,,,,,,,,,,
,,,,,,,,,,,,,,,,,,
,,,,,,,,,,,,,,,,,,
,,,,,,,,,,,,,,,,,,
,,,,,,,,,,,,,,,,,,
,,,,,,,,,,,,,,,,,,
,,,,,,,,,,,,,,,,,,
,,,,,,,,,,,,,,,,,,
,,,,,,,,,,,,,,,,,,
,,,,,,,,,,,,,,,,,,
,,,,,,,,,,,,,,,,,,
,,,,,,,,,,,,,,,,,,
,,,,,,,,,,,,,,,,,,
,,,,,,,,,,,,,,,,,,
,,,,,,,,,,,,,,,,,,
,,,,,,,,,,,,,,,,,,
,,,,,,,,,,,,,,,,,,
,,,,,,,,,,,,,,,,,,
,,,,,,,,,,,,,,,,,,
,,,,,,,,,,,,,,,,,,
,,,,,,,,,,,,,,,,,,
,,,,,,,,,,,,,,,,,,
,,,,,,,,,,,,,,,,,,
,,,,,,,,,,,,,,,,,,
,,,,,,,,,,,,,,,,,,
,,,,,,,,,,,,,,,,,,
,,,,,,,,,,,,,,,,,,
,,,,,,,,,,,,,,,,,,
,,,,,,,,,,,,,,,,,,
,,,,,,,,,,,,,,,,,,
,,,,,,,,,,,,,,,,,,
,,,,,,,,,,,,,,,,,,
,,,,,,,,,,,,,,,,,,
,,,,,,,,,,,,,,,,,,
,,,,,,,,,,,,,,,,,,
,,,,,,,,,,,,,,,,,,
,,,,,,,,,,,,,,,,,,
,,,,,,,,,,,,,,,,,,
,,,,,,,,,,,,,,,,,,
,,,,,,,,,,,,,,,,,,
,,,,,,,,,,,,,,,,,,
,,,,,,,,,,,,,,,,,,
,,,,,,,,,,,,,,,,,,
,,,,,,,,,,,,,,,,,,
,,,,,,,,,,,,,,,,,,
,,,,,,,,,,,,,,,,,,
,,,,,,,,,,,,,,,,,,
,,,,,,,,,,,,,,,,,,
,,,,,,,,,,,,,,,,,,
,,,,,,,,,,,,,,,,,,
,,,,,,,,,,,,,,,,,,
,,,,,,,,,,,,,,,,,,
,,,,,,,,,,,,,,,,,,
,,,,,,,,,,,,,,,,,,
,,,,,,,,,,,,,,,,,,
,,,,,,,,,,,,,,,,,,
,,,,,,,,,,,,,,,,,,
,,,,,,,,,,,,,,,,,,
,,,,,,,,,,,,,,,,,,
,,,,,,,,,,,,,,,,,,
,,,,,,,,,,,,,,,,,,
,,,,,,,,,,,,,,,,,,
,,,,,,,,,,,,,,,,,,
,,,,,,,,,,,,,,,,,,
,,,,,,,,,,,,,,,,,,
,,,,,,,,,,,,,,,,,,
,,,,,,,,,,,,,,,,,,
,,,,,,,,,,,,,,,,,,
,,,,,,,,,,,,,,,,,,
,,,,,,,,,,,,,,,,,,
,,,,,,,,,,,,,,,,,,
,,,,,,,,,,,,,,,,,,
,,,,,,,,,,,,,,,,,,
,,,,,,,,,,,,,,,,,,
,,,,,,,,,,,,,,,,,,
,,,,,,,,,,,,,,,,,,
,,,,,,,,,,,,,,,,,,
,,,,,,,,,,,,,,,,,,
,,,,,,,,,,,,,,,,,,
,,,,,,,,,,,,,,,,,,
,,,,,,,,,,,,,,,,,,
,,,,,,,,,,,,,,,,,,
,,,,,,,,,,,,,,,,,,
,,,,,,,,,,,,,,,,,,
,,,,,,,,,,,,,,,,,,
,,,,,,,,,,,,,,,,,,
,,,,,,,,,,,,,,,,,,
,,,,,,,,,,,,,,,,,,
,,,,,,,,,,,,,,,,,,
,,,,,,,,,,,,,,,,,,
,,,,,,,,,,,,,,,,,,
,,,,,,,,,,,,,,,,,,
,,,,,,,,,,,,,,,,,,
,,,,,,,,,,,,,,,,,,
,,,,,,,,,,,,,,,,,,
,,,,,,,,,,,,,,,,,,
,,,,,,,,,,,,,,,,,,
,,,,,,,,,,,,,,,,,,
,,,,,,,,,,,,,,,,,,
,,,,,,,,,,,,,,,,,,
,,,,,,,,,,,,,,,,,,
,,,,,,,,,,,,,,,,,,
,,,,,,,,,,,,,,,,,,
,,,,,,,,,,,,,,,,,,
,,,,,,,,,,,,,,,,,,
,,,,,,,,,,,,,,,,,,
,,,,,,,,,,,,,,,,,,
,,,,,,,,,,,,,,,,,,
,,,,,,,,,,,,,,,,,,
,,,,,,,,,,,,,,,,,,
,,,,,,,,,,,,,,,,,,
,,,,,,,,,,,,,,,,,,
,,,,,,,,,,,,,,,,,,
,,,,,,,,,,,,,,,,,,
,,,,,,,,,,,,,,,,,,
,,,,,,,,,,,,,,,,,,
,,,,,,,,,,,,,,,,,,
,,,,,,,,,,,,,,,,,,
,,,,,,,,,,,,,,,,,,
,,,,,,,,,,,,,,,,,,
,,,,,,,,,,,,,,,,,,
,,,,,,,,,,,,,,,,,,
,,,,,,,,,,,,,,,,,,
,,,,,,,,,,,,,,,,,,
,,,,,,,,,,,,,,,,,,
,,,,,,,,,,,,,,,,,,
,,,,,,,,,,,,,,,,,,
,,,,,,,,,,,,,,,,,,
,,,,,,,,,,,,,,,,,,
,,,,,,,,,,,,,,,,,,
,,,,,,,,,,,,,,,,,,
,,,,,,,,,,,,,,,,,,
,,,,,,,,,,,,,,,,,,
,,,,,,,,,,,,,,,,,,
,,,,,,,,,,,,,,,,,,
,,,,,,,,,,,,,,,,,,
,,,,,,,,,,,,,,,,,,
,,,,,,,,,,,,,,,,,,
,,,,,,,,,,,,,,,,,,
,,,,,,,,,,,,,,,,,,
,,,,,,,,,,,,,,,,,,
,,,,,,,,,,,,,,,,,,
,,,,,,,,,,,,,,,,,,
,,,,,,,,,,,,,,,,,,
,,,,,,,,,,,,,,,,,,
,,,,,,,,,,,,,,,,,,
,,,,,,,,,,,,,,,,,,
,,,,,,,,,,,,,,,,,,
,,,,,,,,,,,,,,,,,,
,,,,,,,,,,,,,,,,,,
,,,,,,,,,,,,,,,,,,
,,,,,,,,,,,,,,,,,,
,,,,,,,,,,,,,,,,,,
,,,,,,,,,,,,,,,,,,
,,,,,,,,,,,,,,,,,,
,,,,,,,,,,,,,,,,,,
,,,,,,,,,,,,,,,,,,
,,,,,,,,,,,,,,,,,,
,,,,,,,,,,,,,,,,,,
,,,,,,,,,,,,,,,,,,
,,,,,,,,,,,,,,,,,,
,,,,,,,,,,,,,,,,,,
,,,,,,,,,,,,,,,,,,
,,,,,,,,,,,,,,,,,,
,,,,,,,,,,,,,,,,,,
,,,,,,,,,,,,,,,,,,
,,,,,,,,,,,,,,,,,,
,,,,,,,,,,,,,,,,,,
,,,,,,,,,,,,,,,,,,
,,,,,,,,,,,,,,,,,,
,,,,,,,,,,,,,,,,,,
,,,,,,,,,,,,,,,,,,
,,,,,,,,,,,,,,,,,,
,,,,,,,,,,,,,,,,,,
,,,,,,,,,,,,,,,,,,
